{"01-01": [{"date": "12-26", "day": "S. Stephani Protomart.", "octaval-day-name": "S. Stephani", "tags": ["stephanus", "martyr", "semidouble", "day-7"]}, {"date": "12-27", "day": "S. Joannis Apostoli et Evangelist\u00e6", "octaval-day-name": "S. Joannis", "tags": ["joannes-apostolus", "apostle", "evangelist", "semidouble", "day-6"]}, {"date": "12-28", "day": "Ss. Innocentium Mart.", "octaval-day-name": "Ss. Innocentium", "tags": ["innocentes", "martyrs", "semidouble", "day-5"]}], "01-05": [{"date": "01-05", "day": "Vigilia Epiphani\u00e6", "tags": ["semidouble", "vigil", "penitential", "vigil-epiphany", "no-transfer"]}], "01-06": [{"date": "01-06", "day": "Epiphania Domini", "octaval-day-name": "Epiphani\u00e6", "tags": ["double-i-class", "epiphany", "octave"]}], "01-07": [{"date": "01-06", "day": "Epiphania Domini", "octaval-day-name": "Epiphani\u00e6", "tags": ["epiphany", "semidouble", "day-2"]}], "01-08": [{"day": "Dominica infra Octavam Epiphani\u00e6", "tags": ["semidouble", "sunday", "week-i-epiphany"]}, {"date": "01-06", "day": "Epiphania Domini", "octaval-day-name": "Epiphani\u00e6", "tags": ["epiphany", "semidouble", "day-3"]}], "01-09": [{"day": "Feria II infra Hebdomadam I post Epiphaniam", "tags": ["ferial", "monday", "week-i-epiphany"]}, {"date": "01-06", "day": "Epiphania Domini", "octaval-day-name": "Epiphani\u00e6", "tags": ["epiphany", "semidouble", "day-4"]}], "01-10": [{"day": "Feria III infra Hebdomadam I post Epiphaniam", "tags": ["ferial", "tuesday", "week-i-epiphany"]}, {"date": "01-06", "day": "Epiphania Domini", "octaval-day-name": "Epiphani\u00e6", "tags": ["epiphany", "semidouble", "day-5"]}], "01-11": [{"day": "Feria IV infra Hebdomadam I post Epiphaniam", "tags": ["ferial", "wednesday", "week-i-epiphany"]}, {"date": "01-06", "day": "Epiphania Domini", "octaval-day-name": "Epiphani\u00e6", "tags": ["epiphany", "semidouble", "day-6"]}], "01-12": [{"day": "Feria V infra Hebdomadam I post Epiphaniam", "tags": ["ferial", "thursday", "week-i-epiphany"]}, {"date": "01-06", "day": "Epiphania Domini", "octaval-day-name": "Epiphani\u00e6", "tags": ["epiphany", "semidouble", "day-7"]}], "01-13": [{"day": "Feria VI infra Hebdomadam I post Epiphaniam", "tags": ["ferial", "friday", "week-i-epiphany"]}], "01-14": [{"day": "Sabbato infra Hebdomadam I post Epiphaniam", "tags": ["ferial", "saturday", "week-i-epiphany"]}], "01-15": [{"day": "Dominica II post Epiphaniam", "tags": ["semidouble", "sunday", "week-ii-epiphany"]}], "01-16": [{"day": "Feria II infra Hebdomadam II post Epiphaniam", "tags": ["ferial", "monday", "week-ii-epiphany"]}], "01-17": [{"day": "Feria III infra Hebdomadam II post Epiphaniam", "tags": ["ferial", "tuesday", "week-ii-epiphany"]}], "01-18": [{"day": "Feria IV infra Hebdomadam II post Epiphaniam", "tags": ["ferial", "wednesday", "week-ii-epiphany"]}], "01-19": [{"day": "Feria V infra Hebdomadam II post Epiphaniam", "tags": ["ferial", "thursday", "week-ii-epiphany"]}], "01-20": [{"day": "Feria VI infra Hebdomadam II post Epiphaniam", "tags": ["ferial", "friday", "week-ii-epiphany"]}], "01-21": [{"day": "Sabbato infra Hebdomadam II post Epiphaniam", "tags": ["ferial", "saturday", "week-ii-epiphany"]}], "01-22": [{"day": "Dominica III post Epiphaniam", "tags": ["semidouble", "sunday", "week-iii-epiphany"]}], "01-23": [{"day": "Feria II infra Hebdomadam III post Epiphaniam", "tags": ["ferial", "monday", "week-iii-epiphany"]}], "01-24": [{"day": "Feria III infra Hebdomadam III post Epiphaniam", "tags": ["ferial", "tuesday", "week-iii-epiphany"]}], "01-25": [{"day": "Feria IV infra Hebdomadam III post Epiphaniam", "tags": ["ferial", "wednesday", "week-iii-epiphany"]}], "01-26": [{"day": "Feria V infra Hebdomadam III post Epiphaniam", "tags": ["ferial", "thursday", "week-iii-epiphany"]}], "01-27": [{"day": "Feria VI infra Hebdomadam III post Epiphaniam", "tags": ["ferial", "friday", "week-iii-epiphany"]}], "01-28": [{"day": "Sabbato infra Hebdomadam III post Epiphaniam", "tags": ["ferial", "saturday", "week-iii-epiphany"]}], "01-29": [{"day": "Dominica IV post Epiphaniam", "tags": ["semidouble", "sunday", "week-iv-epiphany"]}], "01-30": [{"day": "Feria II infra Hebdomadam IV post Epiphaniam", "tags": ["ferial", "monday", "week-iv-epiphany"]}], "01-31": [{"day": "Feria III infra Hebdomadam IV post Epiphaniam", "tags": ["ferial", "tuesday", "week-iv-epiphany"]}], "02-01": [{"day": "Feria IV infra Hebdomadam IV post Epiphaniam", "tags": ["ferial", "wednesday", "week-iv-epiphany"]}], "02-02": [{"day": "Feria V infra Hebdomadam IV post Epiphaniam", "tags": ["ferial", "thursday", "week-iv-epiphany"]}], "02-03": [{"day": "Feria VI infra Hebdomadam IV post Epiphaniam", "tags": ["ferial", "friday", "week-iv-epiphany"]}], "02-04": [{"day": "Sabbato infra Hebdomadam IV post Epiphaniam", "tags": ["ferial", "saturday", "week-iv-epiphany"]}], "02-05": [{"day": "Dominica Septuagesima", "tags": ["semidouble", "sunday", "sunday-ii-class", "week-septuagesima", "penitential"]}], "02-06": [{"day": "Feria II infra Hebdomadam Septuagesim\u00e6", "tags": ["ferial", "monday", "week-septuagesima", "penitential"]}], "02-07": [{"day": "Feria III infra Hebdomadam Septuagesim\u00e6", "tags": ["ferial", "tuesday", "week-septuagesima", "penitential"]}], "02-08": [{"day": "Feria IV infra Hebdomadam Septuagesim\u00e6", "tags": ["ferial", "wednesday", "week-septuagesima", "penitential"]}], "02-09": [{"day": "Feria V infra Hebdomadam Septuagesim\u00e6", "tags": ["ferial", "thursday", "week-septuagesima", "penitential"]}], "02-10": [{"day": "Feria VI infra Hebdomadam Septuagesim\u00e6", "tags": ["ferial", "friday", "week-septuagesima", "penitential"]}], "02-11": [{"day": "Sabbato infra Hebdomadam Septuagesim\u00e6", "tags": ["ferial", "saturday", "week-septuagesima", "penitential"]}], "02-12": [{"day": "Dominica Sexagesima", "tags": ["semidouble", "sunday", "sunday-ii-class", "week-sexagesima", "penitential"]}], "02-13": [{"day": "Feria II infra Hebdomadam Sexagesim\u00e6", "tags": ["ferial", "monday", "week-sexagesima", "penitential"]}], "02-14": [{"day": "Feria III infra Hebdomadam Sexagesim\u00e6", "rank": "Simple", "tags": []}], "02-15": [{"day": "Feria IV infra Hebdomadam Sexagesim\u00e6", "rank": "Simple", "tags": []}], "02-16": [{"day": "Feria V infra Hebdomadam Sexagesim\u00e6", "rank": "Simple", "tags": []}], "02-17": [{"day": "Feria VI infra Hebdomadam Sexagesim\u00e6", "rank": "Simple", "tags": []}], "02-18": [{"day": "Sabbato infra Hebdomadam Sexagesim\u00e6", "rank": "Simple", "tags": []}], "02-19": [{"day": "Dominica Quinquasesima", "rank": "Semidouble", "tags": ["sunday", "sunday-ii-class"]}], "02-20": [{"day": "Feria II infra Hebdomadam Quinquasesim\u00e6", "rank": "Simple", "tags": []}], "02-21": [{"day": "Feria III infra Hebdomadam Quinquasesim\u00e6", "rank": "Simple", "tags": []}], "02-22": [{"day": "Feria IV Cinerum", "rank": "Privileged Feria", "tags": []}], "02-23": [{"day": "Feria V post Cineres", "rank": "Privileged Feria", "tags": []}], "02-24": [{"day": "Feria VI post Cineres", "rank": "Simple", "tags": []}], "02-25": [{"day": "Sabbato post Cineres", "rank": "Simple", "tags": []}], "02-26": [{"day": "Dominica I in Quadragesima", "rank": "Semidouble", "tags": ["sunday", "sunday-i-class"]}], "02-27": [{"day": "Feria II infra Hebdomadam I in Quadragesima", "rank": "Simple", "tags": []}], "02-28": [{"day": "Feria III infra Hebdomadam I in Quadragesima", "rank": "Simple", "tags": []}], "03-01": [{"day": "Feria IV infra Hebdomadam I in Quadragesima", "rank": "Simple", "tags": []}], "03-02": [{"day": "Feria V infra Hebdomadam I in Quadragesima", "rank": "Simple", "tags": []}], "03-03": [{"day": "Feria VI infra Hebdomadam I in Quadragesima", "rank": "Simple", "tags": []}], "03-04": [{"day": "Sabbato infra Hebdomadam I in Quadragesima", "rank": "Simple", "tags": []}], "03-05": [{"day": "Dominica II in Quadragesima", "rank": "Semidouble", "tags": ["sunday", "sunday-ii-class"]}], "03-06": [{"day": "Feria II infra Hebdomadam II in Quadragesima", "rank": "Simple", "tags": []}], "03-07": [{"day": "Feria III infra Hebdomadam II in Quadragesima", "rank": "Simple", "tags": []}], "03-08": [{"day": "Feria IV infra Hebdomadam II in Quadragesima", "rank": "Simple", "tags": []}], "03-09": [{"day": "Feria V infra Hebdomadam II in Quadragesima", "rank": "Simple", "tags": []}], "03-10": [{"day": "Feria VI infra Hebdomadam II in Quadragesima", "rank": "Simple", "tags": []}], "03-11": [{"day": "Sabbato infra Hebdomadam II in Quadragesima", "rank": "Simple", "tags": []}], "03-12": [{"day": "Dominica III in Quadragesima", "rank": "Semidouble", "tags": ["sunday", "sunday-ii-class"]}], "03-13": [{"day": "Feria II infra Hebdomadam III in Quadragesima", "rank": "Simple", "tags": []}], "03-14": [{"day": "Feria III infra Hebdomadam III in Quadragesima", "rank": "Simple", "tags": []}], "03-15": [{"day": "Feria IV infra Hebdomadam III in Quadragesima", "rank": "Simple", "tags": []}], "03-16": [{"day": "Feria V infra Hebdomadam III in Quadragesima", "rank": "Simple", "tags": []}], "03-17": [{"day": "Feria VI infra Hebdomadam III in Quadragesima", "rank": "Simple", "tags": []}], "03-18": [{"day": "Sabbato infra Hebdomadam III in Quadragesima", "rank": "Simple", "tags": []}], "03-19": [{"day": "Dominica IV in Quadragesima", "rank": "Semidouble", "tags": ["sunday", "sunday-ii-class"]}], "03-20": [{"day": "Feria II infra Hebdomadam IV in Quadragesima", "rank": "Simple", "tags": []}], "03-21": [{"day": "Feria III infra Hebdomadam IV in Quadragesima", "rank": "Simple", "tags": []}], "03-22": [{"day": "Feria IV infra Hebdomadam IV in Quadragesima", "rank": "Simple", "tags": []}], "03-23": [{"day": "Feria V infra Hebdomadam IV in Quadragesima", "rank": "Simple", "tags": []}], "03-24": [{"day": "Feria VI infra Hebdomadam IV in Quadragesima", "rank": "Simple", "tags": []}], "03-25": [{"day": "Sabbato infra Hebdomadam IV in Quadragesima", "rank": "Simple", "tags": []}], "03-26": [{"day": "Dominica de Passione", "rank": "Semidouble", "tags": ["sunday", "sunday-i-class"]}], "03-27": [{"day": "Feria II infra Hebdomadam Passionis", "rank": "Greater Feria", "tags": []}], "03-28": [{"day": "Feria III infra Hebdomadam Passionis", "rank": "Greater Feria", "tags": []}], "03-29": [{"day": "Feria IV infra Hebdomadam Passionis", "rank": "Greater Feria", "tags": []}], "03-30": [{"day": "Feria V infra Hebdomadam Passionis", "rank": "Greater Feria", "tags": []}], "03-31": [{"day": "Feria VI infra Hebdomadam Passionis", "rank": "Greater Feria", "tags": []}], "04-01": [{"day": "Sabbato infra Hebdomadam Passionis", "rank": "Greater Feria", "tags": []}], "04-02": [{"day": "Dominica in Palmis", "rank": "Semidouble", "tags": ["sunday", "sunday-i-class"]}], "04-03": [{"day": "Feria II Majoris Hebdomad\u00e6", "rank": "Privileged Feria", "tags": []}], "04-04": [{"day": "Feria III Majoris Hebdomad\u00e6", "rank": "Privileged Feria", "tags": []}], "04-05": [{"day": "Feria IV Majoris Hebdomad\u00e6", "rank": "Privileged Feria", "tags": []}], "04-06": [{"day": "Feria V in Cena Domini", "rank": "Privileged Feria", "tags": []}], "04-07": [{"day": "Feria VI in Parasceve", "rank": "Privileged Feria", "tags": []}], "04-08": [{"day": "Sabbato Sancto", "rank": "Privileged Feria", "tags": []}], "04-09": [{"day": "Dominica Resurrectionis[NC]", "rank": "Double I Class", "tags": ["sunday", "sunday-i-class"]}], "04-10": [{"day": "Die II infra Octavam Pasch\u00e6[NC]", "rank": "Double I Class", "tags": []}], "04-11": [{"day": "Die III infra Octavam Pasch\u00e6[NC]", "rank": "Double I Class", "tags": []}], "04-12": [{"day": "Die IV infra Octavam Pasch\u00e6[NF]", "rank": "Semidouble", "tags": []}], "04-13": [{"day": "Die V infra Octavam Pasch\u00e6[NF]", "rank": "Semidouble", "tags": []}], "04-14": [{"day": "Die VI infra Octavam Pasch\u00e6[NF]", "rank": "Semidouble", "tags": []}], "04-15": [{"day": "Sabbato in Albis[NF]", "rank": "Semidouble", "tags": []}], "04-16": [{"day": "Dominica in Albis in Octava Pasch\u00e6[NC]", "rank": "Double I Class", "tags": ["sunday", "sunday-i-class"]}], "04-17": [{"day": "Feria II infra Hebdomadam I post Octavam Pasch\u00e6", "rank": "Feria", "tags": []}], "04-18": [{"day": "Feria III infra Hebdomadam I post Octavam Pasch\u00e6", "rank": "Feria", "tags": []}], "04-19": [{"day": "Feria IV infra Hebdomadam I post Octavam Pasch\u00e6", "rank": "Feria", "tags": []}], "04-20": [{"day": "Feria V infra Hebdomadam I post Octavam Pasch\u00e6", "rank": "Feria", "tags": []}], "04-21": [{"day": "Feria VI infra Hebdomadam I post Octavam Pasch\u00e6", "rank": "Feria", "tags": []}], "04-22": [{"day": "Sabbato infra Hebdomadam I post Octavam Pasch\u00e6", "rank": "Feria", "tags": []}], "04-23": [{"day": "Dominica II post Octavam Pasch\u00e6", "rank": "Semidouble", "tags": ["sunday"]}], "04-24": [{"day": "Feria II infra Hebdomadam II post Octavam Pasch\u00e6", "rank": "Feria", "tags": []}], "04-25": [{"day": "Feria III infra Hebdomadam II post Octavam Pasch\u00e6", "rank": "Feria", "tags": []}], "04-26": [{"day": "Feria IV infra Hebdomadam II post Octavam Pasch\u00e6", "rank": "Feria", "tags": []}], "04-27": [{"day": "Feria V infra Hebdomadam II post Octavam Pasch\u00e6", "rank": "Feria", "tags": []}], "04-28": [{"day": "Feria VI infra Hebdomadam II post Octavam Pasch\u00e6", "rank": "Feria", "tags": []}], "04-29": [{"day": "Sabbato infra Hebdomadam II post Octavam Pasch\u00e6", "rank": "Feria", "tags": []}], "04-30": [{"day": "Dominica III post Octavam Pasch\u00e6", "rank": "Semidouble", "tags": ["sunday"]}], "05-01": [{"day": "Feria II infra Hebdomadam III post Octavam Pasch\u00e6", "rank": "Feria", "tags": []}], "05-02": [{"day": "Feria III infra Hebdomadam III post Octavam Pasch\u00e6", "rank": "Feria", "tags": []}], "05-03": [{"day": "Feria IV infra Hebdomadam III post Octavam Pasch\u00e6", "rank": "Feria", "tags": []}], "05-04": [{"day": "Feria V infra Hebdomadam III post Octavam Pasch\u00e6", "rank": "Feria", "tags": []}], "05-05": [{"day": "Feria VI infra Hebdomadam III post Octavam Pasch\u00e6", "rank": "Feria", "tags": []}], "05-06": [{"day": "Sabbato infra Hebdomadam III post Octavam Pasch\u00e6", "rank": "Feria", "tags": []}], "05-07": [{"day": "Dominica IV post Octavam Pasch\u00e6", "rank": "Semidouble", "tags": ["sunday"]}], "05-08": [{"day": "Feria II infra Hebdomadam IV post Octavam Pasch\u00e6", "rank": "Feria", "tags": []}], "05-09": [{"day": "Feria III infra Hebdomadam IV post Octavam Pasch\u00e6", "rank": "Feria", "tags": []}], "05-10": [{"day": "Feria IV infra Hebdomadam IV post Octavam Pasch\u00e6", "rank": "Feria", "tags": []}], "05-11": [{"day": "Feria V infra Hebdomadam IV post Octavam Pasch\u00e6", "rank": "Feria", "tags": []}], "05-12": [{"day": "Feria VI infra Hebdomadam IV post Octavam Pasch\u00e6", "rank": "Feria", "tags": []}], "05-13": [{"day": "Sabbato infra Hebdomadam IV post Octavam Pasch\u00e6", "rank": "Feria", "tags": []}], "05-14": [{"day": "Dominica V post Octavam Pasch\u00e6", "rank": "Semidouble", "tags": ["sunday"]}], "05-15": [{"day": "Feria II infra Hebdomadam V post Octavam Pasch\u00e6", "rank": "Feria", "tags": []}], "05-16": [{"day": "Feria III infra Hebdomadam V post Octavam Pasch\u00e6", "rank": "Feria", "tags": []}], "05-17": [{"day": "Feria IV infra Hebdomadam V post Octavam Pasch\u00e6", "rank": "Feria", "tags": []}], "05-18": [{"day": "In Ascensione Domini", "rank": "Double I Class", "tags": []}], "05-19": [{"day": "Feria VI infra Octavam Ascensionis", "rank": "Semidouble", "tags": []}], "05-20": [{"day": "Sabbato infra Octavam Ascensionis", "rank": "Semidouble", "tags": []}], "05-21": [{"day": "Dominica infra Octavam Ascensionis", "rank": "Semidouble", "tags": ["sunday"]}], "05-22": [{"day": "Feria II infra Octavam Ascensionis", "rank": "Semidouble", "tags": []}], "05-23": [{"day": "Feria III infra Octavam Ascensionis", "rank": "Semidouble", "tags": []}], "05-24": [{"day": "Feria IV infra Octavam Ascensionis", "rank": "Semidouble", "tags": []}], "05-25": [{"day": "Octav\u00e6 Ascensionis", "rank": "Greater Double", "tags": []}], "05-26": [{"day": "Feria VI post Octavam Ascensionis", "rank": "Semidouble", "tags": []}], "05-27": [{"day": "Sabbato in Vigilia Pentecostes", "rank": "Privileged Feria", "tags": []}], "05-28": [{"day": "Dominica Pentecostes[NC]", "rank": "Double I Class", "tags": ["sunday", "sunday-i-class"]}], "05-29": [{"day": "Die II infra Octavam Pentecostes[NC]", "rank": "Double I Class", "tags": []}], "05-30": [{"day": "Die III infra Octavam Pentecostes[NC]", "rank": "Double I Class", "tags": []}], "05-31": [{"day": "Feria IV infra Octavam Pentecostes[NF]", "rank": "Semidouble", "tags": []}], "06-01": [{"day": "Feria V infra Octavam Pentecostes[NF]", "rank": "Semidouble", "tags": []}], "06-02": [{"day": "Feria VI infra Octavam Pentecostes[NF]", "rank": "Semidouble", "tags": []}], "06-03": [{"day": "Sabbato infra Octavam Pentecostes[NF]", "rank": "Semidouble", "tags": []}], "06-04": [{"day": "Dominica Trinitatis[NF]", "rank": "Double II Class", "tags": ["sunday", "sunday-i-class"]}], "06-05": [{"day": "Feria II infra Hebdomadam I post Octavam Pentecostes", "rank": "Feria", "tags": []}], "06-06": [{"day": "Feria III infra Hebdomadam I post Octavam Pentecostes", "rank": "Feria", "tags": []}], "06-07": [{"day": "Feria IV infra Hebdomadam I post Octavam Pentecostes", "rank": "Feria", "tags": []}], "06-08": [{"day": "Feria V infra Hebdomadam I post Octavam Pentecostes", "rank": "Feria", "tags": []}], "06-09": [{"day": "Feria VI infra Hebdomadam I post Octavam Pentecostes", "rank": "Feria", "tags": []}], "06-10": [{"day": "Sabbato infra Hebdomadam I post Octavam Pentecostes", "rank": "Feria", "tags": []}], "06-11": [{"day": "Dominica II post Octavam Pentecostes", "rank": "Semidouble", "tags": ["sunday"]}], "06-12": [{"day": "Feria II infra Hebdomadam II post Octavam Pentecostes", "rank": "Feria", "tags": []}], "06-13": [{"day": "Feria III infra Hebdomadam II post Octavam Pentecostes", "rank": "Feria", "tags": []}], "06-14": [{"day": "Feria IV infra Hebdomadam II post Octavam Pentecostes", "rank": "Feria", "tags": []}], "06-15": [{"day": "Feria V infra Hebdomadam II post Octavam Pentecostes", "rank": "Feria", "tags": []}], "06-16": [{"day": "Feria VI infra Hebdomadam II post Octavam Pentecostes", "rank": "Feria", "tags": []}], "06-17": [{"day": "Sabbato infra Hebdomadam II post Octavam Pentecostes", "rank": "Feria", "tags": []}], "06-18": [{"day": "Dominica III post Octavam Pentecostes", "rank": "Semidouble", "tags": ["sunday"]}], "06-19": [{"day": "Feria II infra Hebdomadam III post Octavam Pentecostes", "rank": "Feria", "tags": []}], "06-20": [{"day": "Feria III infra Hebdomadam III post Octavam Pentecostes", "rank": "Feria", "tags": []}], "06-21": [{"day": "Feria IV infra Hebdomadam III post Octavam Pentecostes", "rank": "Feria", "tags": []}], "06-22": [{"day": "Feria V infra Hebdomadam III post Octavam Pentecostes", "rank": "Feria", "tags": []}], "06-23": [{"day": "Feria VI infra Hebdomadam III post Octavam Pentecostes", "rank": "Feria", "tags": []}], "06-24": [{"day": "Sabbato infra Hebdomadam III post Octavam Pentecostes", "rank": "Feria", "tags": []}], "06-25": [{"day": "Dominica IV post Octavam Pentecostes", "rank": "Semidouble", "tags": ["sunday"]}], "06-26": [{"day": "Feria II infra Hebdomadam IV post Octavam Pentecostes", "rank": "Feria", "tags": []}], "06-27": [{"day": "Feria III infra Hebdomadam IV post Octavam Pentecostes", "rank": "Feria", "tags": []}], "06-28": [{"day": "Feria IV infra Hebdomadam IV post Octavam Pentecostes", "rank": "Feria", "tags": []}], "06-29": [{"day": "Feria V infra Hebdomadam IV post Octavam Pentecostes", "rank": "Feria", "tags": []}], "06-30": [{"day": "Feria VI infra Hebdomadam IV post Octavam Pentecostes", "rank": "Feria", "tags": []}], "07-01": [{"day": "Sabbato infra Hebdomadam IV post Octavam Pentecostes", "rank": "Feria", "tags": []}], "07-02": [{"day": "Dominica V post Octavam Pentecostes", "rank": "Semidouble", "tags": ["sunday"]}], "07-03": [{"day": "Feria II infra Hebdomadam V post Octavam Pentecostes", "rank": "Feria", "tags": []}], "07-04": [{"day": "Feria III infra Hebdomadam V post Octavam Pentecostes", "rank": "Feria", "tags": []}], "07-05": [{"day": "Feria IV infra Hebdomadam V post Octavam Pentecostes", "rank": "Feria", "tags": []}], "07-06": [{"day": "Feria V infra Hebdomadam V post Octavam Pentecostes", "rank": "Feria", "tags": []}], "07-07": [{"day": "Feria VI infra Hebdomadam V post Octavam Pentecostes", "rank": "Feria", "tags": []}], "07-08": [{"day": "Sabbato infra Hebdomadam V post Octavam Pentecostes", "rank": "Feria", "tags": []}], "07-09": [{"day": "Dominica VI post Octavam Pentecostes", "rank": "Semidouble", "tags": ["sunday"]}], "07-10": [{"day": "Feria II infra Hebdomadam VI post Octavam Pentecostes", "rank": "Feria", "tags": []}], "07-11": [{"day": "Feria III infra Hebdomadam VI post Octavam Pentecostes", "rank": "Feria", "tags": []}], "07-12": [{"day": "Feria IV infra Hebdomadam VI post Octavam Pentecostes", "rank": "Feria", "tags": []}], "07-13": [{"day": "Feria V infra Hebdomadam VI post Octavam Pentecostes", "rank": "Feria", "tags": []}], "07-14": [{"day": "Feria VI infra Hebdomadam VI post Octavam Pentecostes", "rank": "Feria", "tags": []}], "07-15": [{"day": "Sabbato infra Hebdomadam VI post Octavam Pentecostes", "rank": "Feria", "tags": []}], "07-16": [{"day": "Dominica VII post Octavam Pentecostes", "rank": "Semidouble", "tags": ["sunday"]}], "07-17": [{"day": "Feria II infra Hebdomadam VII post Octavam Pentecostes", "rank": "Feria", "tags": []}], "07-18": [{"day": "Feria III infra Hebdomadam VII post Octavam Pentecostes", "rank": "Feria", "tags": []}], "07-19": [{"day": "Feria IV infra Hebdomadam VII post Octavam Pentecostes", "rank": "Feria", "tags": []}], "07-20": [{"day": "Feria V infra Hebdomadam VII post Octavam Pentecostes", "rank": "Feria", "tags": []}], "07-21": [{"day": "Feria VI infra Hebdomadam VII post Octavam Pentecostes", "rank": "Feria", "tags": []}], "07-22": [{"day": "Sabbato infra Hebdomadam VII post Octavam Pentecostes", "rank": "Feria", "tags": []}], "07-23": [{"day": "Dominica VIII post Octavam Pentecostes", "rank": "Semidouble", "tags": ["sunday"]}], "07-24": [{"day": "Feria II infra Hebdomadam VIII post Octavam Pentecostes", "rank": "Feria", "tags": []}], "07-25": [{"day": "Feria III infra Hebdomadam VIII post Octavam Pentecostes", "rank": "Feria", "tags": []}], "07-26": [{"day": "Feria IV infra Hebdomadam VIII post Octavam Pentecostes", "rank": "Feria", "tags": []}], "07-27": [{"day": "Feria V infra Hebdomadam VIII post Octavam Pentecostes", "rank": "Feria", "tags": []}], "07-28": [{"day": "Feria VI infra Hebdomadam VIII post Octavam Pentecostes", "rank": "Feria", "tags": []}], "07-29": [{"day": "Sabbato infra Hebdomadam VIII post Octavam Pentecostes", "rank": "Feria", "tags": []}], "07-30": [{"day": "Dominica IX post Octavam Pentecostes", "rank": "Semidouble", "tags": ["sunday"]}, {"day": "Dominica I Augusti", "tags": ["sunday", "semidouble", "week-i-august"]}], "07-31": [{"day": "Feria II infra Hebdomadam IX post Octavam Pentecostes", "rank": "Feria", "tags": []}, {"day": "Feria II infra Hebdomadam I Augusti", "tags": ["monday", "ferial", "week-i-august"]}], "08-01": [{"day": "Feria III infra Hebdomadam IX post Octavam Pentecostes", "rank": "Feria", "tags": []}, {"day": "Feria III infra Hebdomadam I Augusti", "tags": ["tuesday", "ferial", "week-i-august"]}, {"date": "08-01", "day": "S. Petri ad Vincula", "tags": ["petrus-ad-vincula", "greater-double"]}, {"date": "08-01", "day": "Ss. Machab\u00e6orum Mm.", "tags": ["machabaei", "martyrs", "commemoration"]}], "08-02": [{"day": "Feria IV infra Hebdomadam IX post Octavam Pentecostes", "rank": "Feria", "tags": []}, {"day": "Feria IV infra Hebdomadam I Augusti", "tags": ["wednesday", "ferial", "week-i-august"]}, {"date": "08-02", "day": "S. Alphonsi Mari\u00e6 de Ligorio Ep., Conf. et Eccl. Doct.", "tags": ["alphonsus-liguori", "double", "doctor", "confessor-bishop"]}], "08-03": [{"day": "Feria V infra Hebdomadam IX post Octavam Pentecostes", "rank": "Feria", "tags": []}, {"day": "Feria V infra Hebdomadam I Augusti", "tags": ["thursday", "ferial", "week-i-august"]}, {"date": "08-03", "day": "Inventio S. Stephani Protomartyris", "tags": ["inventio-stepheni", "semidouble", "martyr"]}], "08-04": [{"day": "Feria VI infra Hebdomadam IX post Octavam Pentecostes", "rank": "Feria", "tags": []}, {"day": "Feria VI infra Hebdomadam I Augusti", "tags": ["friday", "ferial", "week-i-august"]}, {"date": "08-04", "day": "S. Dominici Conf.", "tags": ["dominicus", "greater-double", "confessor"]}], "08-05": [{"day": "Sabbato infra Hebdomadam IX post Octavam Pentecostes", "rank": "Feria", "tags": []}, {"day": "Sabbato infra Hebdomadam I Augusti", "tags": ["saturday", "ferial", "week-i-august"]}, {"date": "08-05", "day": "Dedicatio S. Mari\u00e6 ad Nives", "tags": ["maria-ad-nives", "greater-double", "mary"]}], "08-06": [{"day": "Dominica X post Octavam Pentecostes", "rank": "Semidouble", "tags": ["sunday"]}, {"day": "Dominica II Augusti", "tags": ["sunday", "semidouble", "week-ii-august"]}, {"date": "08-06", "day": "Transfiguratio D.N.J.C.", "tags": ["transfiguratio", "greater-double"]}, {"date": "08-06", "day": "Ss. Xysti II. Pap\u00e6, Felicissimi et Agapiti Martyrum", "tags": ["xystus-ii-felicissimus-agapitus", "martyrs", "commemoration"]}], "08-07": [{"day": "Feria II infra Hebdomadam X post Octavam Pentecostes", "rank": "Feria", "tags": []}, {"day": "Feria II infra Hebdomadam II Augusti", "tags": ["monday", "ferial", "week-ii-august"]}, {"date": "08-07", "day": "S. Cajetani Conf.", "tags": ["cajetanus", "double", "confessor"]}, {"date": "08-07", "day": "S. Donati Episc. et Mart.", "tags": ["donatus", "commemoration", "martyr-bishop"]}], "08-08": [{"day": "Feria III infra Hebdomadam X post Octavam Pentecostes", "rank": "Feria", "tags": []}, {"day": "Feria III infra Hebdomadam II Augusti", "tags": ["tuesday", "ferial", "week-ii-august"]}, {"date": "08-08", "day": "Ss. Cyriaci, Largi, et Smaragdi Mm.", "tags": ["cyriacus-largus-smaragdus", "martyrs", "semidouble"]}], "08-09": [{"day": "Feria IV infra Hebdomadam X post Octavam Pentecostes", "rank": "Feria", "tags": []}, {"day": "Feria IV infra Hebdomadam II Augusti", "tags": ["wednesday", "ferial", "week-ii-august"]}, {"date": "08-09", "day": "Vigilia S. Laurentii Mart.", "tags": ["vigilia-laurentius", "vigil", "penitential", "ferial"]}], "08-10": [{"day": "Feria V infra Hebdomadam X post Octavam Pentecostes", "rank": "Feria", "tags": []}, {"day": "Feria V infra Hebdomadam II Augusti", "tags": ["thursday", "ferial", "week-ii-august"]}, {"date": "08-10", "day": "S. Laurentii Mart.", "octaval-day-name": "Laurentii", "tags": ["laurentius", "martyr", "double-ii-class", "octave"]}], "08-11": [{"day": "Feria VI infra Hebdomadam X post Octavam Pentecostes", "rank": "Feria", "tags": []}, {"day": "Feria VI infra Hebdomadam II Augusti", "tags": ["friday", "ferial", "week-ii-august"]}, {"date": "08-10", "day": "S. Laurentii Mart.", "octaval-day-name": "Laurentii", "tags": ["laurentius", "martyr", "semidouble", "day-2"]}, {"date": "08-11", "day": "Ss. Tibertius et Susann\u00e6 Mm.", "tags": ["tibertius-susanna", "commemoration", "martyrs"]}], "08-12": [{"day": "Sabbato infra Hebdomadam X post Octavam Pentecostes", "rank": "Feria", "tags": []}, {"day": "Sabbato infra Hebdomadam II Augusti", "tags": ["saturday", "ferial", "week-ii-august"]}, {"date": "08-10", "day": "S. Laurentii Mart.", "octaval-day-name": "Laurentii", "tags": ["laurentius", "martyr", "semidouble", "day-3"]}, {"date": "08-12", "day": "S. Clar\u00e6 Virg.", "tags": ["clara", "virgin", "double"]}], "08-13": [{"day": "Dominica XI post Octavam Pentecostes", "rank": "Semidouble", "tags": ["sunday"]}, {"day": "Dominica III Augusti", "tags": ["sunday", "semidouble", "week-iii-august"]}, {"date": "08-10", "day": "S. Laurentii Mart.", "octaval-day-name": "Laurentii", "tags": ["laurentius", "martyr", "semidouble", "day-4"]}, {"date": "08-13", "day": "Ss. Hippolyti et Cassiani Mm.", "tags": ["hippolytus-cassianus", "commemoration", "martyrs"]}], "08-14": [{"day": "Feria II infra Hebdomadam XI post Octavam Pentecostes", "rank": "Feria", "tags": []}, {"day": "Feria II infra Hebdomadam III Augusti", "tags": ["monday", "ferial", "week-iii-august"]}, {"date": "08-10", "day": "S. Laurentii Mart.", "octaval-day-name": "Laurentii", "tags": ["laurentius", "martyr", "semidouble", "day-5"]}, {"date": "08-14", "day": "Vigilia Assumptionis B.M.V.", "tags": ["vigilia-assumptionis", "vigil", "penitential", "ferial"]}, {"date": "08-14", "day": "S. Eusebii Conf.", "tags": ["eusebius", "commemoration", "confessor"]}], "08-15": [{"day": "Feria III infra Hebdomadam XI post Octavam Pentecostes", "rank": "Feria", "tags": []}, {"day": "Feria III infra Hebdomadam III Augusti", "tags": ["tuesday", "ferial", "week-iii-august"]}, {"date": "08-10", "day": "S. Laurentii Mart.", "octaval-day-name": "Laurentii", "tags": ["laurentius", "martyr", "semidouble", "day-6"]}, {"date": "08-15", "day": "Assumptio B.M.V.", "octaval-day-name": "Assumptionis", "tags": ["assumptio", "double-i-class", "mary", "octave"]}], "08-16": [{"day": "Feria IV infra Hebdomadam XI post Octavam Pentecostes", "rank": "Feria", "tags": []}, {"day": "Feria IV infra Hebdomadam III Augusti", "tags": ["wednesday", "ferial", "week-iii-august"]}, {"date": "08-10", "day": "S. Laurentii Mart.", "octaval-day-name": "Laurentii", "tags": ["laurentius", "martyr", "semidouble", "day-7"]}, {"date": "08-15", "day": "Assumptio B.M.V.", "octaval-day-name": "Assumptionis", "tags": ["assumptio", "mary", "semidouble", "day-2"]}, {"date": "08-16", "day": "S. Hyacinthi Conf.", "tags": ["hyacinthus", "confessor", "double"]}], "08-17": [{"day": "Feria V infra Hebdomadam XI post Octavam Pentecostes", "rank": "Feria", "tags": []}, {"day": "Feria V infra Hebdomadam III Augusti", "tags": ["thursday", "ferial", "week-iii-august"]}, {"date": "08-15", "day": "Assumptio B.M.V.", "octaval-day-name": "Assumptionis", "tags": ["assumptio", "mary", "semidouble", "day-3"]}], "08-18": [{"day": "Feria VI infra Hebdomadam XI post Octavam Pentecostes", "rank": "Feria", "tags": []}, {"day": "Feria VI infra Hebdomadam III Augusti", "tags": ["friday", "ferial", "week-iii-august"]}, {"date": "08-15", "day": "Assumptio B.M.V.", "octaval-day-name": "Assumptionis", "tags": ["assumptio", "mary", "semidouble", "day-4"]}, {"date": "08-18", "day": "S. Agapiti Martyris", "tags": ["agapitus", "martyr", "commemoration"]}], "08-19": [{"day": "Sabbato infra Hebdomadam XI post Octavam Pentecostes", "rank": "Feria", "tags": []}, {"day": "Sabbato infra Hebdomadam III Augusti", "tags": ["saturday", "ferial", "week-iii-august"]}, {"date": "08-15", "day": "Assumptio B.M.V.", "octaval-day-name": "Assumptionis", "tags": ["assumptio", "mary", "semidouble", "day-5"]}], "08-20": [{"day": "Dominica XII post Octavam Pentecostes", "rank": "Semidouble", "tags": ["sunday"]}, {"day": "Dominica IV Augusti", "tags": ["sunday", "semidouble", "week-iv-august"]}, {"date": "08-15", "day": "Assumptio B.M.V.", "octaval-day-name": "Assumptionis", "tags": ["assumptio", "mary", "semidouble", "day-6"]}, {"date": "08-20", "day": "S. Bernardi Abb., Conf. et Eccl. Doct.", "tags": ["bernardus", "abbot", "doctor", "double"]}], "08-21": [{"day": "Feria II infra Hebdomadam XII post Octavam Pentecostes", "rank": "Feria", "tags": []}, {"day": "Feria II infra Hebdomadam IV Augusti", "tags": ["monday", "ferial", "week-iv-august"]}, {"date": "08-15", "day": "Assumptio B.M.V.", "octaval-day-name": "Assumptionis", "tags": ["assumptio", "mary", "semidouble", "day-7"]}, {"date": "08-21", "day": "S. Joann\u00e6 Francisc\u00e6 Fremiot de Chantal Vid.", "tags": ["joanna-francisca", "widow", "double"]}], "08-22": [{"day": "Feria III infra Hebdomadam XII post Octavam Pentecostes", "rank": "Feria", "tags": []}, {"day": "Feria III infra Hebdomadam IV Augusti", "tags": ["tuesday", "ferial", "week-iv-august"]}, {"date": "08-22", "day": "Ss. Timothei et Soc. Mm.", "tags": ["timotheus-etc", "martyrs", "commemoration"]}], "08-23": [{"day": "Feria IV infra Hebdomadam XII post Octavam Pentecostes", "rank": "Feria", "tags": []}, {"day": "Feria IV infra Hebdomadam IV Augusti", "tags": ["wednesday", "ferial", "week-iv-august"]}, {"date": "08-23", "day": "S. Philippi Benitii Conf.", "tags": ["philippus-benitius", "confessor", "double"]}, {"date": "08-23", "day": "Vigilia S. Bartholom\u00e6i Apost.", "tags": ["vigilia-Bartholomaei", "vigil", "ferial", "penitential"]}], "08-24": [{"day": "Feria V infra Hebdomadam XII post Octavam Pentecostes", "rank": "Feria", "tags": []}, {"day": "Feria V infra Hebdomadam IV Augusti", "tags": ["thursday", "ferial", "week-iv-august"]}, {"date": "08-24", "day": "S. Bartholomaei Apost.", "tags": ["bartholomaeus", "double-ii-class", "apostle"]}], "08-25": [{"day": "Feria VI infra Hebdomadam XII post Octavam Pentecostes", "rank": "Feria", "tags": []}, {"day": "Feria VI infra Hebdomadam IV Augusti", "tags": ["friday", "ferial", "week-iv-august"]}, {"date": "08-25", "day": "S. Ludovici Regis Conf.", "tags": ["ludovicus", "semidouble", "confessor"]}], "08-26": [{"day": "Sabbato infra Hebdomadam XII post Octavam Pentecostes", "rank": "Feria", "tags": []}, {"day": "Sabbato infra Hebdomadam IV Augusti", "tags": ["saturday", "ferial", "week-iv-august"]}, {"date": "08-26", "day": "S. Zephyrini Pap\u00e6 et Mart.", "tags": ["zephyrinus", "pope-martyr", "simple"]}], "08-27": [{"day": "Dominica XIII post Octavam Pentecostes", "rank": "Semidouble", "tags": ["sunday"]}, {"day": "Dominica V Augusti", "tags": ["sunday", "semidouble", "week-v-august"]}, {"date": "08-27", "day": "S. Josephi Calasanctii Conf.", "tags": ["josephus-calasanctius", "confessor", "double"]}], "08-28": [{"day": "Feria II infra Hebdomadam XIII post Octavam Pentecostes", "rank": "Feria", "tags": []}, {"day": "Feria II infra Hebdomadam V Augusti", "tags": ["monday", "ferial", "week-v-august"]}, {"date": "08-28", "day": "S. Augustini Episc., Conf. et Eccl. Doct.", "tags": ["augustinus", "double", "confessor-bishop", "doctor"]}, {"date": "08-28", "day": "S. Hermetis Martyris", "tags": ["hermis", "martyr", "commemoration"]}], "08-29": [{"day": "Feria III infra Hebdomadam XIII post Octavam Pentecostes", "rank": "Feria", "tags": []}, {"day": "Feria III infra Hebdomadam V Augusti", "tags": ["tuesday", "ferial", "week-v-august"]}, {"date": "08-29", "day": "Decollatio S. Joannis Bapt.", "tags": ["decollatio-joannis", "greater-double", "martyr"]}, {"date": "08-29", "day": "S. Sabin\u00e6 Mart.", "tags": ["sabina", "commemoration", "martyr"]}], "08-30": [{"day": "Feria IV infra Hebdomadam XIII post Octavam Pentecostes", "rank": "Feria", "tags": []}, {"day": "Feria IV infra Hebdomadam V Augusti", "tags": ["wednesday", "ferial", "week-v-august"]}, {"date": "08-30", "day": "S. Ros\u00e6 Liman\u00e6 Virg.", "tags": ["rosa", "double", "virgin"]}, {"date": "08-30", "day": "Ss. Felicis et Adaucti Mm.", "tags": ["felix-adauctus", "martyrs", "commemoration"]}], "08-31": [{"day": "Feria V infra Hebdomadam XIII post Octavam Pentecostes", "rank": "Feria", "tags": []}, {"day": "Feria V infra Hebdomadam V Augusti", "tags": ["thursday", "ferial", "week-v-august"]}, {"date": "08-31", "day": "S. Raymundi Nonnati Cf.", "tags": ["raymundus-nonnatus", "confessor", "double"]}], "09-01": [{"day": "Feria VI infra Hebdomadam XIII post Octavam Pentecostes", "rank": "Feria", "tags": []}, {"day": "Feria VI infra Hebdomadam V Augusti", "tags": ["friday", "ferial", "week-v-august"]}], "09-02": [{"day": "Sabbato infra Hebdomadam XIII post Octavam Pentecostes", "rank": "Feria", "tags": []}, {"day": "Sabbato infra Hebdomadam V Augusti", "tags": ["saturday", "ferial", "week-v-august"]}], "09-03": [{"day": "Dominica XIV post Octavam Pentecostes", "rank": "Semidouble", "tags": ["sunday"]}, {"day": "Dominica I Septembris", "tags": ["sunday", "semidouble", "week-i-september"]}], "09-04": [{"day": "Feria II infra Hebdomadam XIV post Octavam Pentecostes", "rank": "Feria", "tags": []}, {"day": "Feria II infra Hebdomadam I Septembris", "tags": ["monday", "ferial", "week-i-september"]}], "09-05": [{"day": "Feria III infra Hebdomadam XIV post Octavam Pentecostes", "rank": "Feria", "tags": []}, {"day": "Feria III infra Hebdomadam I Septembris", "tags": ["tuesday", "ferial", "week-i-september"]}], "09-06": [{"day": "Feria IV infra Hebdomadam XIV post Octavam Pentecostes", "rank": "Feria", "tags": []}, {"day": "Feria IV infra Hebdomadam I Septembris", "tags": ["wednesday", "ferial", "week-i-september"]}], "09-07": [{"day": "Feria V infra Hebdomadam XIV post Octavam Pentecostes", "rank": "Feria", "tags": []}, {"day": "Feria V infra Hebdomadam I Septembris", "tags": ["thursday", "ferial", "week-i-september"]}], "09-08": [{"day": "Feria VI infra Hebdomadam XIV post Octavam Pentecostes", "rank": "Feria", "tags": []}, {"day": "Feria VI infra Hebdomadam I Septembris", "tags": ["friday", "ferial", "week-i-september"]}], "09-09": [{"day": "Sabbato infra Hebdomadam XIV post Octavam Pentecostes", "rank": "Feria", "tags": []}, {"day": "Sabbato infra Hebdomadam I Septembris", "tags": ["saturday", "ferial", "week-i-september"]}], "09-10": [{"day": "Dominica XV post Octavam Pentecostes", "rank": "Semidouble", "tags": ["sunday"]}, {"day": "Dominica II Septembris", "tags": ["sunday", "semidouble", "week-ii-september"]}], "09-11": [{"day": "Feria II infra Hebdomadam XV post Octavam Pentecostes", "rank": "Feria", "tags": []}, {"day": "Feria II infra Hebdomadam II Septembris", "tags": ["monday", "ferial", "week-ii-september"]}], "09-12": [{"day": "Feria III infra Hebdomadam XV post Octavam Pentecostes", "rank": "Feria", "tags": []}, {"day": "Feria III infra Hebdomadam II Septembris", "tags": ["tuesday", "ferial", "week-ii-september"]}], "09-13": [{"day": "Feria IV infra Hebdomadam XV post Octavam Pentecostes", "rank": "Feria", "tags": []}, {"day": "Feria IV infra Hebdomadam II Septembris", "tags": ["wednesday", "ferial", "week-ii-september"]}], "09-14": [{"day": "Feria V infra Hebdomadam XV post Octavam Pentecostes", "rank": "Feria", "tags": []}, {"day": "Feria V infra Hebdomadam II Septembris", "tags": ["thursday", "ferial", "week-ii-september"]}], "09-15": [{"day": "Feria VI infra Hebdomadam XV post Octavam Pentecostes", "rank": "Feria", "tags": []}, {"day": "Feria VI infra Hebdomadam II Septembris", "tags": ["friday", "ferial", "week-ii-september"]}], "09-16": [{"day": "Sabbato infra Hebdomadam XV post Octavam Pentecostes", "rank": "Feria", "tags": []}, {"day": "Sabbato infra Hebdomadam II Septembris", "tags": ["saturday", "ferial", "week-ii-september"]}], "09-17": [{"day": "Dominica XVI post Octavam Pentecostes", "rank": "Semidouble", "tags": ["sunday"]}, {"day": "Dominica III Septembris", "tags": ["sunday", "semidouble", "week-iii-september"]}], "09-18": [{"day": "Feria II infra Hebdomadam XVI post Octavam Pentecostes", "rank": "Feria", "tags": []}, {"day": "Feria II infra Hebdomadam III Septembris", "tags": ["monday", "ferial", "week-iii-september"]}], "09-19": [{"day": "Feria III infra Hebdomadam XVI post Octavam Pentecostes", "rank": "Feria", "tags": []}, {"day": "Feria III infra Hebdomadam III Septembris", "tags": ["tuesday", "ferial", "week-iii-september"]}], "09-20": [{"day": "Feria IV infra Hebdomadam XVI post Octavam Pentecostes", "rank": "Feria", "tags": []}, {"day": "Feria IV infra Hebdomadam III Septembris", "tags": ["wednesday", "ferial", "week-iii-september"]}], "09-21": [{"day": "Feria V infra Hebdomadam XVI post Octavam Pentecostes", "rank": "Feria", "tags": []}, {"day": "Feria V infra Hebdomadam III Septembris", "tags": ["thursday", "ferial", "week-iii-september"]}], "09-22": [{"day": "Feria VI infra Hebdomadam XVI post Octavam Pentecostes", "rank": "Feria", "tags": []}, {"day": "Feria VI infra Hebdomadam III Septembris", "tags": ["friday", "ferial", "week-iii-september"]}], "09-23": [{"day": "Sabbato infra Hebdomadam XVI post Octavam Pentecostes", "rank": "Feria", "tags": []}, {"day": "Sabbato infra Hebdomadam III Septembris", "tags": ["saturday", "ferial", "week-iii-september"]}], "09-24": [{"day": "Dominica XVII post Octavam Pentecostes", "rank": "Semidouble", "tags": ["sunday"]}, {"day": "Dominica IV Septembris", "tags": ["sunday", "semidouble", "week-iv-september"]}], "09-25": [{"day": "Feria II infra Hebdomadam XVII post Octavam Pentecostes", "rank": "Feria", "tags": []}, {"day": "Feria II infra Hebdomadam IV Septembris", "tags": ["monday", "ferial", "week-iv-september"]}], "09-26": [{"day": "Feria III infra Hebdomadam XVII post Octavam Pentecostes", "rank": "Feria", "tags": []}, {"day": "Feria III infra Hebdomadam IV Septembris", "tags": ["tuesday", "ferial", "week-iv-september"]}], "09-27": [{"day": "Feria IV infra Hebdomadam XVII post Octavam Pentecostes", "rank": "Feria", "tags": []}, {"day": "Feria IV infra Hebdomadam IV Septembris", "tags": ["wednesday", "ferial", "week-iv-september"]}], "09-28": [{"day": "Feria V infra Hebdomadam XVII post Octavam Pentecostes", "rank": "Feria", "tags": []}, {"day": "Feria V infra Hebdomadam IV Septembris", "tags": ["thursday", "ferial", "week-iv-september"]}], "09-29": [{"day": "Feria VI infra Hebdomadam XVII post Octavam Pentecostes", "rank": "Feria", "tags": []}, {"day": "Feria VI infra Hebdomadam IV Septembris", "tags": ["friday", "ferial", "week-iv-september"]}], "09-30": [{"day": "Sabbato infra Hebdomadam XVII post Octavam Pentecostes", "rank": "Feria", "tags": []}, {"day": "Sabbato infra Hebdomadam IV Septembris", "tags": ["saturday", "ferial", "week-iv-september"]}], "10-01": [{"day": "Dominica XVIII post Octavam Pentecostes", "rank": "Semidouble", "tags": ["sunday"]}, {"day": "Dominica I Octobris", "tags": ["sunday", "semidouble", "week-i-october"]}], "10-02": [{"day": "Feria II infra Hebdomadam XVIII post Octavam Pentecostes", "rank": "Feria", "tags": []}, {"day": "Feria II infra Hebdomadam I Octobris", "tags": ["monday", "ferial", "week-i-october"]}], "10-03": [{"day": "Feria III infra Hebdomadam XVIII post Octavam Pentecostes", "rank": "Feria", "tags": []}, {"day": "Feria III infra Hebdomadam I Octobris", "tags": ["tuesday", "ferial", "week-i-october"]}], "10-04": [{"day": "Feria IV infra Hebdomadam XVIII post Octavam Pentecostes", "rank": "Feria", "tags": []}, {"day": "Feria IV infra Hebdomadam I Octobris", "tags": ["wednesday", "ferial", "week-i-october"]}], "10-05": [{"day": "Feria V infra Hebdomadam XVIII post Octavam Pentecostes", "rank": "Feria", "tags": []}, {"day": "Feria V infra Hebdomadam I Octobris", "tags": ["thursday", "ferial", "week-i-october"]}], "10-06": [{"day": "Feria VI infra Hebdomadam XVIII post Octavam Pentecostes", "rank": "Feria", "tags": []}, {"day": "Feria VI infra Hebdomadam I Octobris", "tags": ["friday", "ferial", "week-i-october"]}], "10-07": [{"day": "Sabbato infra Hebdomadam XVIII post Octavam Pentecostes", "rank": "Feria", "tags": []}, {"day": "Sabbato infra Hebdomadam I Octobris", "tags": ["saturday", "ferial", "week-i-october"]}], "10-08": [{"day": "Dominica XIX post Octavam Pentecostes", "rank": "Semidouble", "tags": ["sunday"]}, {"day": "Dominica II Octobris", "tags": ["sunday", "semidouble", "week-ii-october"]}], "10-09": [{"day": "Feria II infra Hebdomadam XIX post Octavam Pentecostes", "rank": "Feria", "tags": []}, {"day": "Feria II infra Hebdomadam II Octobris", "tags": ["monday", "ferial", "week-ii-october"]}], "10-10": [{"day": "Feria III infra Hebdomadam XIX post Octavam Pentecostes", "rank": "Feria", "tags": []}, {"day": "Feria III infra Hebdomadam II Octobris", "tags": ["tuesday", "ferial", "week-ii-october"]}], "10-11": [{"day": "Feria IV infra Hebdomadam XIX post Octavam Pentecostes", "rank": "Feria", "tags": []}, {"day": "Feria IV infra Hebdomadam II Octobris", "tags": ["wednesday", "ferial", "week-ii-october"]}], "10-12": [{"day": "Feria V infra Hebdomadam XIX post Octavam Pentecostes", "rank": "Feria", "tags": []}, {"day": "Feria V infra Hebdomadam II Octobris", "tags": ["thursday", "ferial", "week-ii-october"]}], "10-13": [{"day": "Feria VI infra Hebdomadam XIX post Octavam Pentecostes", "rank": "Feria", "tags": []}, {"day": "Feria VI infra Hebdomadam II Octobris", "tags": ["friday", "ferial", "week-ii-october"]}], "10-14": [{"day": "Sabbato infra Hebdomadam XIX post Octavam Pentecostes", "rank": "Feria", "tags": []}, {"day": "Sabbato infra Hebdomadam II Octobris", "tags": ["saturday", "ferial", "week-ii-october"]}], "10-15": [{"day": "Dominica XX post Octavam Pentecostes", "rank": "Semidouble", "tags": ["sunday"]}, {"day": "Dominica III Octobris", "tags": ["sunday", "semidouble", "week-iii-october"]}], "10-16": [{"day": "Feria II infra Hebdomadam XX post Octavam Pentecostes", "rank": "Feria", "tags": []}, {"day": "Feria II infra Hebdomadam III Octobris", "tags": ["monday", "ferial", "week-iii-october"]}], "10-17": [{"day": "Feria III infra Hebdomadam XX post Octavam Pentecostes", "rank": "Feria", "tags": []}, {"day": "Feria III infra Hebdomadam III Octobris", "tags": ["tuesday", "ferial", "week-iii-october"]}], "10-18": [{"day": "Feria IV infra Hebdomadam XX post Octavam Pentecostes", "rank": "Feria", "tags": []}, {"day": "Feria IV infra Hebdomadam III Octobris", "tags": ["wednesday", "ferial", "week-iii-october"]}], "10-19": [{"day": "Feria V infra Hebdomadam XX post Octavam Pentecostes", "rank": "Feria", "tags": []}, {"day": "Feria V infra Hebdomadam III Octobris", "tags": ["thursday", "ferial", "week-iii-october"]}], "10-20": [{"day": "Feria VI infra Hebdomadam XX post Octavam Pentecostes", "rank": "Feria", "tags": []}, {"day": "Feria VI infra Hebdomadam III Octobris", "tags": ["friday", "ferial", "week-iii-october"]}], "10-21": [{"day": "Sabbato infra Hebdomadam XX post Octavam Pentecostes", "rank": "Feria", "tags": []}, {"day": "Sabbato infra Hebdomadam III Octobris", "tags": ["saturday", "ferial", "week-iii-october"]}], "10-22": [{"day": "Dominica XXI post Octavam Pentecostes", "rank": "Semidouble", "tags": ["sunday"]}, {"day": "Dominica IV Octobris", "tags": ["sunday", "semidouble", "week-iv-october"]}], "10-23": [{"day": "Feria II infra Hebdomadam XXI post Octavam Pentecostes", "rank": "Feria", "tags": []}, {"day": "Feria II infra Hebdomadam IV Octobris", "tags": ["monday", "ferial", "week-iv-october"]}], "10-24": [{"day": "Feria III infra Hebdomadam XXI post Octavam Pentecostes", "rank": "Feria", "tags": []}, {"day": "Feria III infra Hebdomadam IV Octobris", "tags": ["tuesday", "ferial", "week-iv-october"]}], "10-25": [{"day": "Feria IV infra Hebdomadam XXI post Octavam Pentecostes", "rank": "Feria", "tags": []}, {"day": "Feria IV infra Hebdomadam IV Octobris", "tags": ["wednesday", "ferial", "week-iv-october"]}], "10-26": [{"day": "Feria V infra Hebdomadam XXI post Octavam Pentecostes", "rank": "Feria", "tags": []}, {"day": "Feria V infra Hebdomadam IV Octobris", "tags": ["thursday", "ferial", "week-iv-october"]}], "10-27": [{"day": "Feria VI infra Hebdomadam XXI post Octavam Pentecostes", "rank": "Feria", "tags": []}, {"day": "Feria VI infra Hebdomadam IV Octobris", "tags": ["friday", "ferial", "week-iv-october"]}], "10-28": [{"day": "Sabbato infra Hebdomadam XXI post Octavam Pentecostes", "rank": "Feria", "tags": []}, {"day": "Sabbato infra Hebdomadam IV Octobris", "tags": ["saturday", "ferial", "week-iv-october"]}], "10-29": [{"day": "Dominica XXII post Octavam Pentecostes", "rank": "Semidouble", "tags": ["sunday"]}, {"day": "Dominica I Novembris", "tags": ["sunday", "semidouble", "week-i-november"]}], "10-30": [{"day": "Feria II infra Hebdomadam XXII post Octavam Pentecostes", "rank": "Feria", "tags": []}, {"day": "Feria II infra Hebdomadam I Novembris", "tags": ["monday", "ferial", "week-i-november"]}], "10-31": [{"day": "Feria III infra Hebdomadam XXII post Octavam Pentecostes", "rank": "Feria", "tags": []}, {"day": "Feria III infra Hebdomadam I Novembris", "tags": ["tuesday", "ferial", "week-i-november"]}], "11-01": [{"day": "Feria IV infra Hebdomadam XXII post Octavam Pentecostes", "rank": "Feria", "tags": []}, {"day": "Feria IV infra Hebdomadam I Novembris", "tags": ["wednesday", "ferial", "week-i-november"]}], "11-02": [{"day": "Feria V infra Hebdomadam XXII post Octavam Pentecostes", "rank": "Feria", "tags": []}, {"day": "Feria V infra Hebdomadam I Novembris", "tags": ["thursday", "ferial", "week-i-november"]}], "11-03": [{"day": "Feria VI infra Hebdomadam XXII post Octavam Pentecostes", "rank": "Feria", "tags": []}, {"day": "Feria VI infra Hebdomadam I Novembris", "tags": ["friday", "ferial", "week-i-november"]}], "11-04": [{"day": "Sabbato infra Hebdomadam XXII post Octavam Pentecostes", "rank": "Feria", "tags": []}, {"day": "Sabbato infra Hebdomadam I Novembris", "tags": ["saturday", "ferial", "week-i-november"]}], "11-05": [{"day": "Dominica XXIII post Octavam Pentecostes", "rank": "Semidouble", "tags": ["sunday"]}, {"day": "Dominica II Novembris", "tags": ["sunday", "semidouble", "week-ii-november"]}], "11-06": [{"day": "Feria II infra Hebdomadam XXIII post Octavam Pentecostes", "rank": "Feria", "tags": []}, {"day": "Feria II infra Hebdomadam II Novembris", "tags": ["monday", "ferial", "week-ii-november"]}], "11-07": [{"day": "Feria III infra Hebdomadam XXIII post Octavam Pentecostes", "rank": "Feria", "tags": []}, {"day": "Feria III infra Hebdomadam II Novembris", "tags": ["tuesday", "ferial", "week-ii-november"]}], "11-08": [{"day": "Feria IV infra Hebdomadam XXIII post Octavam Pentecostes", "rank": "Feria", "tags": []}, {"day": "Feria IV infra Hebdomadam II Novembris", "tags": ["wednesday", "ferial", "week-ii-november"]}], "11-09": [{"day": "Feria V infra Hebdomadam XXIII post Octavam Pentecostes", "rank": "Feria", "tags": []}, {"day": "Feria V infra Hebdomadam II Novembris", "tags": ["thursday", "ferial", "week-ii-november"]}], "11-10": [{"day": "Feria VI infra Hebdomadam XXIII post Octavam Pentecostes", "rank": "Feria", "tags": []}, {"day": "Feria VI infra Hebdomadam II Novembris", "tags": ["friday", "ferial", "week-ii-november"]}], "11-11": [{"day": "Sabbato infra Hebdomadam XXIII post Octavam Pentecostes", "rank": "Feria", "tags": []}, {"day": "Sabbato infra Hebdomadam II Novembris", "tags": ["saturday", "ferial", "week-ii-november"]}], "11-12": [{"day": "Dominica V post Epiphaniam", "tags": ["semidouble", "sunday", "week-v-epiphany"]}, {"day": "Dominica III Novembris", "tags": ["sunday", "semidouble", "week-iii-november"]}], "11-13": [{"day": "Feria II infra Hebdomadam V post Epiphaniam", "tags": ["ferial", "monday", "week-v-epiphany"]}, {"day": "Feria II infra Hebdomadam III Novembris", "tags": ["monday", "ferial", "week-iii-november"]}], "11-14": [{"day": "Feria III infra Hebdomadam V post Epiphaniam", "tags": ["ferial", "tuesday", "week-v-epiphany"]}, {"day": "Feria III infra Hebdomadam III Novembris", "tags": ["tuesday", "ferial", "week-iii-november"]}], "11-15": [{"day": "Feria IV infra Hebdomadam V post Epiphaniam", "tags": ["ferial", "wednesday", "week-v-epiphany"]}, {"day": "Feria IV infra Hebdomadam III Novembris", "tags": ["wednesday", "ferial", "week-iii-november"]}], "11-16": [{"day": "Feria V infra Hebdomadam V post Epiphaniam", "tags": ["ferial", "thursday", "week-v-epiphany"]}, {"day": "Feria V infra Hebdomadam III Novembris", "tags": ["thursday", "ferial", "week-iii-november"]}], "11-17": [{"day": "Feria VI infra Hebdomadam V post Epiphaniam", "tags": ["ferial", "friday", "week-v-epiphany"]}, {"day": "Feria VI infra Hebdomadam III Novembris", "tags": ["friday", "ferial", "week-iii-november"]}], "11-18": [{"day": "Sabbato infra Hebdomadam V post Epiphaniam", "tags": ["ferial", "saturday", "week-v-epiphany"]}, {"day": "Sabbato infra Hebdomadam III Novembris", "tags": ["saturday", "ferial", "week-iii-november"]}], "11-19": [{"day": "Dominica VI post Epiphaniam", "tags": ["semidouble", "sunday", "week-vi-epiphany"]}, {"day": "Dominica IV Novembris", "tags": ["sunday", "semidouble", "week-iv-november"]}], "11-20": [{"day": "Feria II infra Hebdomadam VI post Epiphaniam", "tags": ["ferial", "monday", "week-vi-epiphany"]}, {"day": "Feria II infra Hebdomadam IV Novembris", "tags": ["monday", "ferial", "week-iv-november"]}], "11-21": [{"day": "Feria III infra Hebdomadam VI post Epiphaniam", "tags": ["ferial", "tuesday", "week-vi-epiphany"]}, {"day": "Feria III infra Hebdomadam IV Novembris", "tags": ["tuesday", "ferial", "week-iv-november"]}], "11-22": [{"day": "Feria IV infra Hebdomadam VI post Epiphaniam", "tags": ["ferial", "wednesday", "week-vi-epiphany"]}, {"day": "Feria IV infra Hebdomadam IV Novembris", "tags": ["wednesday", "ferial", "week-iv-november"]}], "11-23": [{"day": "Feria V infra Hebdomadam VI post Epiphaniam", "tags": ["ferial", "thursday", "week-vi-epiphany"]}, {"day": "Feria V infra Hebdomadam IV Novembris", "tags": ["thursday", "ferial", "week-iv-november"]}], "11-24": [{"day": "Feria VI infra Hebdomadam VI post Epiphaniam", "tags": ["ferial", "friday", "week-vi-epiphany"]}, {"day": "Feria VI infra Hebdomadam IV Novembris", "tags": ["friday", "ferial", "week-iv-november"]}], "11-25": [{"day": "Sabbato infra Hebdomadam VI post Epiphaniam", "tags": ["ferial", "saturday", "week-vi-epiphany"]}, {"day": "Sabbato infra Hebdomadam IV Novembris", "tags": ["saturday", "ferial", "week-iv-november"]}], "11-26": [{"day": "Dominica XXIV post Octavam Pentecostes", "tags": ["semidouble", "sunday", "sunday-i-class", "week-xxiv-pentecost"]}, {"day": "Dominica V Novembris", "tags": ["sunday", "semidouble", "week-v-november"]}], "11-27": [{"day": "Feria II infra Hebdomadam XXIV post Octavam Pentecostes", "tags": ["ferial", "monday", "week-xxiv-pentecost"]}, {"day": "Feria II infra Hebdomadam V Novembris", "tags": ["monday", "ferial", "week-v-november"]}], "11-28": [{"day": "Feria III infra Hebdomadam XXIV post Octavam Pentecostes", "tags": ["ferial", "tuesday", "week-xxiv-pentecost"]}, {"day": "Feria III infra Hebdomadam V Novembris", "tags": ["tuesday", "ferial", "week-v-november"]}], "11-29": [{"day": "Feria IV infra Hebdomadam XXIV post Octavam Pentecostes", "tags": ["ferial", "wednesday", "week-xxiv-pentecost"]}, {"day": "Feria IV infra Hebdomadam V Novembris", "tags": ["wednesday", "ferial", "week-v-november"]}], "11-30": [{"day": "Feria V infra Hebdomadam XXIV post Octavam Pentecostes", "tags": ["ferial", "thursday", "week-xxiv-pentecost"]}, {"day": "Feria V infra Hebdomadam V Novembris", "tags": ["thursday", "ferial", "week-v-november"]}], "12-01": [{"day": "Feria VI infra Hebdomadam XXIV post Octavam Pentecostes", "tags": ["ferial", "friday", "week-xxiv-pentecost"]}, {"day": "Feria VI infra Hebdomadam V Novembris", "tags": ["friday", "ferial", "week-v-november"]}], "12-02": [{"day": "Sabbato infra Hebdomadam XXIV post Octavam Pentecostes", "tags": ["ferial", "saturday", "week-xxiv-pentecost"]}, {"day": "Sabbato infra Hebdomadam V Novembris", "tags": ["saturday", "ferial", "week-v-november"]}], "12-03": [{"day": "Dominica I Adventus", "tags": ["semidouble", "sunday", "sunday-i-class", "week-i-adventus", "penitential"]}], "12-04": [{"day": "Feria II infra Hebdomadam I Adventus", "tags": ["ferial", "monday", "week-i-adventus", "penitential"]}], "12-05": [{"day": "Feria III infra Hebdomadam I Adventus", "tags": ["ferial", "tuesday", "week-i-adventus", "penitential"]}], "12-06": [{"day": "Feria IV infra Hebdomadam I Adventus", "tags": ["ferial", "wednesday", "week-i-adventus", "penitential"]}], "12-07": [{"day": "Feria V infra Hebdomadam I Adventus", "tags": ["ferial", "thursday", "week-i-adventus", "penitential"]}], "12-08": [{"day": "Feria VI infra Hebdomadam I Adventus", "tags": ["ferial", "friday", "week-i-adventus", "penitential"]}], "12-09": [{"day": "Sabbato infra Hebdomadam I Adventus", "tags": ["ferial", "saturday", "week-i-adventus", "penitential"]}], "12-10": [{"day": "Dominica II Adventus", "tags": ["semidouble", "sunday", "sunday-ii-class", "week-ii-adventus", "penitential"]}], "12-11": [{"day": "Feria II infra Hebdomadam II Adventus", "tags": ["ferial", "monday", "week-ii-adventus", "penitential"]}], "12-12": [{"day": "Feria III infra Hebdomadam II Adventus", "tags": ["ferial", "tuesday", "week-ii-adventus", "penitential"]}], "12-13": [{"day": "Feria IV infra Hebdomadam II Adventus", "tags": ["ferial", "wednesday", "week-ii-adventus", "penitential"]}], "12-14": [{"day": "Feria V infra Hebdomadam II Adventus", "tags": ["ferial", "thursday", "week-ii-adventus", "penitential"]}], "12-15": [{"day": "Feria VI infra Hebdomadam II Adventus", "tags": ["ferial", "friday", "week-ii-adventus", "penitential"]}], "12-16": [{"day": "Sabbato infra Hebdomadam II Adventus", "tags": ["ferial", "saturday", "week-ii-adventus", "penitential"]}], "12-17": [{"day": "Dominica III Adventus", "tags": ["semidouble", "sunday", "sunday-ii-class", "week-iii-adventus", "penitential"]}], "12-18": [{"day": "Feria II infra Hebdomadam III Adventus", "tags": ["ferial", "monday", "week-iii-adventus", "penitential"]}], "12-19": [{"day": "Feria III infra Hebdomadam III Adventus", "tags": ["ferial", "tuesday", "week-iii-adventus", "penitential"]}], "12-20": [{"day": "Feria IV infra Hebdomadam III Adventus", "tags": ["ferial", "wednesday", "week-iii-adventus", "penitential"]}], "12-21": [{"day": "Feria V infra Hebdomadam III Adventus", "tags": ["ferial", "thursday", "week-iii-adventus", "penitential"]}], "12-22": [{"day": "Feria VI infra Hebdomadam III Adventus", "tags": ["ferial", "friday", "week-iii-adventus", "penitential"]}], "12-23": [{"day": "Sabbato infra Hebdomadam III Adventus", "tags": ["ferial", "saturday", "week-iii-adventus", "penitential"]}], "12-24": [{"day": "Dominica IV Adventus", "tags": ["semidouble", "sunday", "sunday-ii-class", "week-iii-adventus", "penitential"]}, {"date": "12-24", "day": "Vigilia Nativitatis D.N.J.Chr.", "tags": ["double", "vigil", "penitential", "vigil-nativity", "non-transferable"]}], "12-25": [{"date": "12-25", "day": "Nativitas D.N.J.Chr.", "octaval-day-name": "Nativitatis", "tags": ["double-i-class", "nativity", "octave"]}], "12-26": [{"date": "12-25", "day": "Nativitas D.N.J.Chr.", "octaval-day-name": "Nativitatis", "tags": ["nativity", "semidouble", "day-2"]}, {"date": "12-26", "day": "S. Stephani Protomart.", "octaval-day-name": "S. Stephani", "tags": ["double-ii-class", "stephanus", "martyr", "octave"]}], "12-27": [{"date": "12-25", "day": "Nativitas D.N.J.Chr.", "octaval-day-name": "Nativitatis", "tags": ["nativity", "semidouble", "day-3"]}, {"date": "12-26", "day": "S. Stephani Protomart.", "octaval-day-name": "S. Stephani", "tags": ["stephanus", "martyr", "semidouble", "day-2"]}, {"date": "12-27", "day": "S. Joannis Apostoli et Evangelist\u00e6", "octaval-day-name": "S. Joannis", "tags": ["double-ii-class", "joannes-apostolus", "apostle", "evangelist", "octave"]}], "12-28": [{"date": "12-25", "day": "Nativitas D.N.J.Chr.", "octaval-day-name": "Nativitatis", "tags": ["nativity", "semidouble", "day-4"]}, {"date": "12-26", "day": "S. Stephani Protomart.", "octaval-day-name": "S. Stephani", "tags": ["stephanus", "martyr", "semidouble", "day-3"]}, {"date": "12-27", "day": "S. Joannis Apostoli et Evangelist\u00e6", "octaval-day-name": "S. Joannis", "tags": ["joannes-apostolus", "apostle", "evangelist", "semidouble", "day-2"]}, {"date": "12-28", "day": "Ss. Innocentium Mart.", "octaval-day-name": "Ss. Innocentium", "tags": ["double-ii-class", "innocentes", "martyrs", "octave"]}], "12-29": [{"date": "12-25", "day": "Nativitas D.N.J.Chr.", "octaval-day-name": "Nativitatis", "tags": ["nativity", "semidouble", "day-5"]}, {"date": "12-26", "day": "S. Stephani Protomart.", "octaval-day-name": "S. Stephani", "tags": ["stephanus", "martyr", "semidouble", "day-4"]}, {"date": "12-27", "day": "S. Joannis Apostoli et Evangelist\u00e6", "octaval-day-name": "S. Joannis", "tags": ["joannes-apostolus", "apostle", "evangelist", "semidouble", "day-3"]}, {"date": "12-28", "day": "Ss. Innocentium Mart.", "octaval-day-name": "Ss. Innocentium", "tags": ["innocentes", "martyrs", "semidouble", "day-2"]}, {"date": "12-30", "day": "S. Thomae, Episc. et Mart.", "tags": ["thomas-becket", "semidouble", "bishop", "martyr"]}], "12-30": [{"date": "12-25", "day": "Nativitas D.N.J.Chr.", "octaval-day-name": "Nativitatis", "tags": ["nativity", "semidouble", "day-6"]}, {"date": "12-26", "day": "S. Stephani Protomart.", "octaval-day-name": "S. Stephani", "tags": ["stephanus", "martyr", "semidouble", "day-5"]}, {"date": "12-27", "day": "S. Joannis Apostoli et Evangelist\u00e6", "octaval-day-name": "S. Joannis", "tags": ["joannes-apostolus", "apostle", "evangelist", "semidouble", "day-4"]}, {"date": "12-28", "day": "Ss. Innocentium Mart.", "octaval-day-name": "Ss. Innocentium", "tags": ["innocentes", "martyrs", "semidouble", "day-3"]}], "12-31": [{"date": "12-25", "day": "Nativitas D.N.J.Chr.", "octaval-day-name": "Nativitatis", "tags": ["nativity", "semidouble", "day-7"]}, {"date": "12-26", "day": "S. Stephani Protomart.", "octaval-day-name": "S. Stephani", "tags": ["stephanus", "martyr", "semidouble", "day-6"]}, {"date": "12-27", "day": "S. Joannis Apostoli et Evangelist\u00e6", "octaval-day-name": "S. Joannis", "tags": ["joannes-apostolus", "apostle", "evangelist", "semidouble", "day-5"]}, {"date": "12-28", "day": "Ss. Innocentium Mart.", "octaval-day-name": "Ss. Innocentium", "tags": ["innocentes", "martyrs", "semidouble", "day-4"]}, {"day": "Dominica infra Octavam Nativitatis", "tags": ["sunday", "semidouble", "nativity-sunday", "nativity"]}], "01-02": [{"date": "12-27", "day": "S. Joannis Apostoli et Evangelist\u00e6", "octaval-day-name": "S. Joannis", "tags": ["joannes-apostolus", "apostle", "evangelist", "semidouble", "day-7"]}, {"date": "12-28", "day": "Ss. Innocentium Mart.", "octaval-day-name": "Ss. Innocentium", "tags": ["innocentes", "martyrs", "semidouble", "day-6"]}], "01-03": [{"date": "12-28", "day": "Ss. Innocentium Mart.", "octaval-day-name": "Ss. Innocentium", "tags": ["innocentes", "martyrs", "semidouble", "day-7"]}]}