[
	{
		"difference": -7,
		"day": "Dominica XXIV post Pentecosten",
		"tags": ["semidouble","sunday","week-xxiv-pentecost"]
	},
	{
		"difference": -6,
		"day": "Feria II infra Hebdomadam XXIV post Octavam Pentecostes",
		"tags": ["ferial","monday","week-xxiv-pentecost"]
	},
	{
		"difference": -5,
		"day": "Feria III infra Hebdomadam XXIV post Octavam Pentecostes",
		"tags": ["ferial","tuesday","week-xxiv-pentecost"]
	},
	{
		"difference": -4,
		"day": "Feria IV infra Hebdomadam XXIV post Octavam Pentecostes",
		"tags": ["ferial","wednesday","week-xxiv-pentecost"]
	},
	{
		"difference": -3,
		"day": "Feria V infra Hebdomadam XXIV post Octavam Pentecostes",
		"tags": ["ferial","thursday","week-xxiv-pentecost"]
	},
	{
		"difference": -2,
		"day": "Feria VI infra Hebdomadam XXIV post Octavam Pentecostes",
		"tags": ["ferial","friday","week-xxiv-pentecost"]
	},
	{
		"difference": -1,
		"day": "Sabbato infra Hebdomadam XXIV post Octavam Pentecostes",
		"tags": ["ferial","saturday","week-xxiv-pentecost"]
	},
	{
		"difference": 0,
		"day": "Dominica I Adventus",
		"tags": ["semidouble","sunday","sunday-i-class","week-i-adventus","penitential"]
	},
	{
		"difference": 1,
		"day": "Feria II infra Hebdomadam I Adventus",
		"tags": ["ferial","monday","week-i-adventus","penitential"]
	},
	{
		"difference": 2,
		"day": "Feria III infra Hebdomadam I Adventus",
		"tags": ["ferial","tuesday","week-i-adventus","penitential"]
	},
	{
		"difference": 3,
		"day": "Feria IV infra Hebdomadam I Adventus",
		"tags": ["ferial","wednesday","week-i-adventus","penitential"]
	},
	{
		"difference": 4,
		"day": "Feria V infra Hebdomadam I Adventus",
		"tags": ["ferial","thursday","week-i-adventus","penitential"]
	},
	{
		"difference": 5,
		"day": "Feria VI infra Hebdomadam I Adventus",
		"tags": ["ferial","friday","week-i-adventus","penitential"]
	},
	{
		"difference": 6,
		"day": "Sabbato infra Hebdomadam I Adventus",
		"tags": ["ferial","saturday","week-i-adventus","penitential"]
	},
	{
		"difference": 7,
		"day": "Dominica II Adventus",
		"tags": ["semidouble","sunday","sunday-ii-class","week-ii-adventus","penitential"]
	},
	{
		"difference": 8,
		"day": "Feria II infra Hebdomadam II Adventus",
		"tags": ["ferial","monday","week-ii-adventus","penitential"]
	},
	{
		"difference": 9,
		"day": "Feria III infra Hebdomadam II Adventus",
		"tags": ["ferial","tuesday","week-ii-adventus","penitential"]
	},
	{
		"difference": 10,
		"day": "Feria IV infra Hebdomadam II Adventus",
		"tags": ["ferial","wednesday","week-ii-adventus","penitential"]
	},
	{
		"difference": 11,
		"day": "Feria V infra Hebdomadam II Adventus",
		"tags": ["ferial","thursday","week-ii-adventus","penitential"]
	},
	{
		"difference": 12,
		"day": "Feria VI infra Hebdomadam II Adventus",
		"tags": ["ferial","friday","week-ii-adventus","penitential"]
	},
	{
		"difference": 13,
		"day": "Sabbato infra Hebdomadam II Adventus",
		"tags": ["ferial","saturday","week-ii-adventus","penitential"]
	},
	{
		"difference": 14,
		"day": "Dominica III Adventus",
		"tags": ["semidouble","sunday","sunday-ii-class","week-iii-adventus","penitential"]
	},
	{
		"difference": 15,
		"day": "Feria II infra Hebdomadam III Adventus",
		"tags": ["ferial","monday","week-iii-adventus","penitential"]
	},
	{
		"difference": 16,
		"day": "Feria III infra Hebdomadam III Adventus",
		"tags": ["ferial","tuesday","week-iii-adventus","penitential"]
	},
	{
		"difference": 17,
		"day": "Feria IV infra Hebdomadam III Adventus",
		"tags": ["ferial","wednesday","week-iii-adventus","penitential"]
	},
	{
		"difference": 18,
		"day": "Feria V infra Hebdomadam III Adventus",
		"tags": ["ferial","thursday","week-iii-adventus","penitential"]
	},
	{
		"difference": 19,
		"day": "Feria VI infra Hebdomadam III Adventus",
		"tags": ["ferial","friday","week-iii-adventus","penitential"]
	},{
		"difference": 20,
		"day": "Sabbato infra Hebdomadam III Adventus",
		"tags": ["ferial","saturday","week-iii-adventus","penitential"]
	},
	{
		"difference": 21,
		"day": "Dominica IV Adventus",
		"tags": ["semidouble","sunday","sunday-ii-class","week-iii-adventus","penitential"]
	},
	{
		"difference": 22,
		"day": "Feria II infra Hebdomadam IV Adventus",
		"tags": ["ferial","monday","week-iv-adventus","penitential"]
	},
	{
		"difference": 23,
		"day": "Feria III infra Hebdomadam IV Adventus",
		"tags": ["ferial","tuesday","week-iv-adventus","penitential"]
	},
	{
		"difference": 24,
		"day": "Feria IV infra Hebdomadam IV Adventus",
		"tags": ["ferial","wednesday","week-iv-adventus","penitential"]
	},
	{
		"difference": 25,
		"day": "Feria V infra Hebdomadam IV Adventus",
		"tags": ["ferial","thursday","week-iv-adventus","penitential"]
	},
	{
		"difference": 26,
		"day": "Feria VI infra Hebdomadam IV Adventus",
		"tags": ["ferial","friday","week-iv-adventus","penitential"]
	},
	{
		"difference": 27,
		"day": "Sabbato infra Hebdomadam IV Adventus",
		"tags": ["ferial","saturday","week-iv-adventus","penitential"]
	}
]