[
	[
		{
			"day": "Dominica infra Octavam Epiphaniæ",
			"tags": ["semidouble","sunday","week-i-epiphany"]
		},
		{
			"day": "Feria II infra Hebdomadam I post Epiphaniam",
			"tags": ["ferial","monday","week-i-epiphany"]
		},
		{
			"day": "Feria III infra Hebdomadam I post Epiphaniam",
			"tags": ["ferial","tuesday","week-i-epiphany"]
		},
		{
			"day": "Feria IV infra Hebdomadam I post Epiphaniam",
			"tags": ["ferial","wednesday","week-i-epiphany"]
		},
		{
			"day": "Feria V infra Hebdomadam I post Epiphaniam",
			"tags": ["ferial","thursday","week-i-epiphany"]
		},
		{
			"day": "Feria VI infra Hebdomadam I post Epiphaniam",
			"tags": ["ferial","friday","week-i-epiphany"]
		},
		{
			"day": "Sabbato infra Hebdomadam I post Epiphaniam",
			"tags": ["ferial","saturday","week-i-epiphany"]
		}
	],
	[
		{
			"day": "Dominica II post Epiphaniam",
			"tags": ["semidouble","sunday","week-ii-epiphany"]
		},
		{
			"day": "Feria II infra Hebdomadam II post Epiphaniam",
			"tags": ["ferial","monday","week-ii-epiphany"]
		},
		{
			"day": "Feria III infra Hebdomadam II post Epiphaniam",
			"tags": ["ferial","tuesday","week-ii-epiphany"]
		},
		{
			"day": "Feria IV infra Hebdomadam II post Epiphaniam",
			"tags": ["ferial","wednesday","week-ii-epiphany"]
		},
		{
			"day": "Feria V infra Hebdomadam II post Epiphaniam",
			"tags": ["ferial","thursday","week-ii-epiphany"]
		},
		{
			"day": "Feria VI infra Hebdomadam II post Epiphaniam",
			"tags": ["ferial","friday","week-ii-epiphany"]
		},
		{
			"day": "Sabbato infra Hebdomadam II post Epiphaniam",
			"tags": ["ferial","saturday","week-ii-epiphany"]
		}
	],
	[
		{
			"day": "Dominica III post Epiphaniam",
			"tags": ["semidouble","sunday","week-iii-epiphany"]
		},
		{
			"day": "Feria II infra Hebdomadam III post Epiphaniam",
			"tags": ["ferial","monday","week-iii-epiphany"]
		},
		{
			"day": "Feria III infra Hebdomadam III post Epiphaniam",
			"tags": ["ferial","tuesday","week-iii-epiphany"]
		},
		{
			"day": "Feria IV infra Hebdomadam III post Epiphaniam",
			"tags": ["ferial","wednesday","week-iii-epiphany"]
		},
		{
			"day": "Feria V infra Hebdomadam III post Epiphaniam",
			"tags": ["ferial","thursday","week-iii-epiphany"]
		},
		{
			"day": "Feria VI infra Hebdomadam III post Epiphaniam",
			"tags": ["ferial","friday","week-iii-epiphany"]
		},
		{
			"day": "Sabbato infra Hebdomadam III post Epiphaniam",
			"tags": ["ferial","saturday","week-iii-epiphany"]
		}
	],
	[
		{
			"day": "Dominica IV post Epiphaniam",
			"tags": ["semidouble","sunday","week-iv-epiphany"]
		},
		{
			"day": "Feria II infra Hebdomadam IV post Epiphaniam",
			"tags": ["ferial","monday","week-iv-epiphany"]
		},
		{
			"day": "Feria III infra Hebdomadam IV post Epiphaniam",
			"tags": ["ferial","tuesday","week-iv-epiphany"]
		},
		{
			"day": "Feria IV infra Hebdomadam IV post Epiphaniam",
			"tags": ["ferial","wednesday","week-iv-epiphany"]
		},
		{
			"day": "Feria V infra Hebdomadam IV post Epiphaniam",
			"tags": ["ferial","thursday","week-iv-epiphany"]
		},
		{
			"day": "Feria VI infra Hebdomadam IV post Epiphaniam",
			"tags": ["ferial","friday","week-iv-epiphany"]
		},
		{
			"day": "Sabbato infra Hebdomadam IV post Epiphaniam",
			"tags": ["ferial","saturday","week-iv-epiphany"]
		}
	],
	[
		{
			"day": "Dominica V post Epiphaniam",
			"tags": ["semidouble","sunday","week-v-epiphany"]
		},
		{
			"day": "Feria II infra Hebdomadam V post Epiphaniam",
			"tags": ["ferial","monday","week-v-epiphany"]
		},
		{
			"day": "Feria III infra Hebdomadam V post Epiphaniam",
			"tags": ["ferial","tuesday","week-v-epiphany"]
		},
		{
			"day": "Feria IV infra Hebdomadam V post Epiphaniam",
			"tags": ["ferial","wednesday","week-v-epiphany"]
		},
		{
			"day": "Feria V infra Hebdomadam V post Epiphaniam",
			"tags": ["ferial","thursday","week-v-epiphany"]
		},
		{
			"day": "Feria VI infra Hebdomadam V post Epiphaniam",
			"tags": ["ferial","friday","week-v-epiphany"]
		},
		{
			"day": "Sabbato infra Hebdomadam V post Epiphaniam",
			"tags": ["ferial","saturday","week-v-epiphany"]
		}
	],
	[
		{
			"day": "Dominica VI post Epiphaniam",
			"tags": ["semidouble","sunday","week-vi-epiphany"]
		},
		{
			"day": "Feria II infra Hebdomadam VI post Epiphaniam",
			"tags": ["ferial","monday","week-vi-epiphany"]
		},
		{
			"day": "Feria III infra Hebdomadam VI post Epiphaniam",
			"tags": ["ferial","tuesday","week-vi-epiphany"]
		},
		{
			"day": "Feria IV infra Hebdomadam VI post Epiphaniam",
			"tags": ["ferial","wednesday","week-vi-epiphany"]
		},
		{
			"day": "Feria V infra Hebdomadam VI post Epiphaniam",
			"tags": ["ferial","thursday","week-vi-epiphany"]
		},
		{
			"day": "Feria VI infra Hebdomadam VI post Epiphaniam",
			"tags": ["ferial","friday","week-vi-epiphany"]
		},
		{
			"day": "Sabbato infra Hebdomadam VI post Epiphaniam",
			"tags": ["ferial","saturday","week-vi-epiphany"]
		}
	]
]
