[
	{
		"date":"02-01",
		"day":"S. Ignatii Episc. et Mart.",
		"tags":["ignatius","double","martyr-bishop"]
	},
	{
		"date":"02-02",
		"day":"Purificatio B. Mariæ V.",
		"tags":["purificatio","double-ii-class","mary"]
	},
	{
		"date":"02-03",
		"day":"S. Blasii, Episc et Mart.",
		"tags":["blasius","simple","martyr-bishop"]
	},
	{
		"date":"02-04",
		"day":"S. Andreæ Corsini Ep. Cf.",
		"tags":["andrea-corsinus","double","confessor-bishop"]
	},
	{
		"date":"02-05",
		"day":"S. Agathæ Virg. et Mart.",
		"tags":["agatha","double","virgin","martyr"]
	},
	{
		"date":"02-06",
		"day":"S. Titi Episc. et Conf.",
		"tags":["titus","double","confessor-bishop"]
	},
	{
		"date":"02-06",
		"day":"S. Dorotheæ Virg. et Mart.",
		"tags":["dorothea","commemoration","virgin","martyr"]
	},
	{
		"date":"02-07",
		"day":"S. Romualdi Abbatis",
		"tags":["romualdus","abbot"]
	},
	{
		"date":"02-08",
		"day":"S. Joannis de Matha Conf.",
		"tags":["joannes-matha","double","confessor"]
	},
	{
		"date":"02-09",
		"day":"S. Cyrilli Episc. Alexandrini, Cf. et Eccl. Doct.",
		"tags":["cyrillus-alexandrini","double","confessor-bishop","doctor"]
	},
	{
		"date":"02-09",
		"day":"S. Apolloniæ Virg. et Mart.",
		"tags":["apollonia","commemoration","virgin","martyr"]
	},
	{
		"date":"02-10",
		"day":"S. Scholasticæ Virg.",
		"tags":["scholastica","double","virgin"]
	},
	{
		"date":"02-14",
		"day":"S. Valentini Presb. et Mart.",
		"tags":["valentinus","simple","priest","martyr"]
	},
	{
		"date":"02-15",
		"day":"Ss. Faustini et Jovitæ Mm.",
		"tags":["faustinus-jovita","simple","martyrs"]
	},
	{
		"date":"02-18",
		"day":"S. Simeonis Episc. et Mart.",
		"tags":["simeon","simple","martyr-bishop"]
	},
	{
		"date":"02-22",
		"day":"Cathedra S. Petri Antiochiæ",
		"tags":["cathedra-petri-antiochiae","greater-double"]
	},
	{
		"date":"02-23",
		"day":"S. Petri Damiani Episc. Conf. et Eccl. Doct.",
		"tags":["petrus-damianus","confessor-bishop","doctor"]
	},
	{
		"date":"02-24",
		"day":"S. Mathiæ Apostoli",
		"genitive-day":"S. Mathiæ",
		"tags":["mathia","double-ii-class","has-vigil","apostle"]
	},
	{
		"date":"03-04",
		"day":"S. Casmiri Conf.",
		"tags":["casmirus","semidouble","confessor"]
	},
	{
		"date":"03-04",
		"day":"S. Lucii I. Papæ et Mart.",
		"tags":["lucius","commemoration","pope","martyr-bishop"]
	},
	{
		"date":"03-07",
		"day":"S. Thomæ de Aquino Conf. et Eccl. Doct.",
		"tags":["thomas-aquino","double","confessor","doctor"]
	},
	{
		"date":"03-07",
		"day":"Ss. Perpetuæ et Felicitatis Mm.",
		"tags":["perpetua-felicitas","commemoration","martyrs"]
	},
	{
		"date":"03-08",
		"day":"S. Joannis de Deo Conf.",
		"tags":["joannes-deo","double","confessor"]
	},
	{
		"date":"03-09",
		"day":"S. Franciscæ Romanæ Vid.",
		"tags":["francisca-romanae","double","widow"]
	},
	{
		"date":"03-10",
		"day":"Ss. Quadraginta Mm.",
		"tags":["quadraginta","semidouble","martyrs"]
	},
	{
		"date":"03-12",
		"day":"S. Gregorii I. Papæ, Conf. et Eccl. Doct.",
		"tags":["gregorius","double","confessor-bishop","pope","doctor"]
	},
	{
		"date":"03-17",
		"day":"S. Patritii Ep. et Conf.",
		"tags":["patritius","double","confessor-bishop"]
	},
	{
		"date":"03-18",
		"day":"S. Cyrilli Episc. Hierosolymitani, Conf. et Eccl. Doct.",
		"tags":["cyrillus-hierosolymitani","double","confessor-bishop","doctor"]
	},
	{
		"date":"03-19",
		"day":"S. Joseph Conf., Sponsi B.M.V.",
		"tags":["joseph-sponsus","double-i-class"]
	},
	{
		"date":"03-20",
		"day":"S. Benedicti Abbatis",
		"tags":["benedictus","greater-double","abbot"]
	},
	{
		"date":"03-25",
		"day":"Annuntiatio B.M.V.",
		"tags":["annuntiatio","double-ii-class","mary"]
	},
	{
		"date":"04-02",
		"day":"S. Francisci de Paula Conf.",
		"tags":["franciscus-paula","double","confessor"]
	},
	{
		"date":"04-04",
		"day":"S. Isidori Episc., Conf. et Eccl. Doct.",
		"tags":["isidorus","double","confessor-bishop","doctor"]
	},
	{
		"date":"04-05",
		"day":"S. Vincentii Ferrerii Conf.",
		"tags":["vincentius-ferrerius","double","confessor"]
	},
	{
		"date":"04-11",
		"day":"S. Leonis I. Papæ, Conf. et Eccl. Doct.",
		"tags":["leo-i","double","pope","confessor-bishop","doctor"]
	},
	{
		"date":"04-13",
		"day":"S. Hermenegildi Mart.",
		"tags":["hermenegildus","semidouble","martyr"]
	},
	{
		"date":"04-14",
		"day":"S. Justini Mart.",
		"tags":["justinus","double","martyr"]
	},
	{
		"date":"04-14",
		"day":"Ss. Tiburtii, Valeriani et Maximi Mm.",
		"tags":["tiburtius-valerianus-maximus","commemoration","martyrs"]
	},
	{
		"date":"04-17",
		"day":"S. Aniceti Papæ et Mart.",
		"tags":["anicetus","simple","pope","martyr-bishop"]
	},
	{
		"date":"04-21",
		"day":"S. Anselmi Episc., Conf. et Eccl. Doct.",
		"tags":["anselmus","double","confessor-bishop","doctor"]
	},
	{
		"date":"04-22",
		"day":"Ss. Soteris et Caji Pont. et Mm.",
		"tags":["soter-cajus","semidouble","martyr-bishops"]
	},
	{
		"date":"04-23",
		"day":"S. Georgii Mart.",
		"tags":["georgius","semidouble","martyr"]
	},
	{
		"date":"04-24",
		"day":"S. Fidelis a Sigmaringa Martyris",
		"tags":["fidelis","double","martyr"]
	},
	{
		"date":"04-25",
		"day":"S. Marci Evang.",
		"tags":["marcus","double-ii-class","martyr","evangelist","apostle","penitential"]
	},
	{
		"date":"04-26",
		"day":"Ss. Cleti et Marcellini Pont. et Mm.",
		"tags":["cletus-marcellinus","semidouble","martyr-bishops","popes"]
	},
	{
		"date":"04-28",
		"day":"S. Pauli a Cruce Conf.",
		"tags":["paulus-cruce","double","confessor"]
	},
	{
		"date":"04-28",
		"day":"S. Vitalis Martyris",
		"tags":["vitalis","commemoration","martyr"]
	},
	{
		"date":"04-29",
		"day":"S. Petri Mart.",
		"tags":["petrus","double","martyr"]
	},
	{
		"date":"04-30",
		"day":"S. Catharinæ Senensis Virginis",
		"tags":["catharina-senensis","double","virgin"]
	},
	{
		"date":"05-01",
		"day":"Ss. Philippi et Jacobi Ap.",
		"tags":["philippus-jacobus","double-ii-class","apostles"]
	},
	{
		"date":"05-02",
		"day":"S. Athanasii Episc., Conf. et Eccl. Doct.",
		"tags":["athanasius","double","confessor-bishop","doctor"]
	},
	{
		"date":"05-03",
		"day":"Inventio S. Crucis",
		"tags":["inventio-crucis","double-ii-class"]
	},
	{
		"date":"05-03",
		"day":"Ss. Alexandri I. Papæ et Soc. Mm., ac S. Juvenalis Episc. et Conf.",
		"tags":["alexandrus-i-soc","commemoration","pope","martyrs","confessor-bishop"]
	},
	{
		"date":"05-04",
		"day":"S. Monicæ Viduæ",
		"tags":["monica","double","widow"]
	},
	{
		"date":"05-05",
		"day":"S. Pii V. Papæ et Conf.",
		"tags":["pius-v","double","pope","confessor-bishop"]
	},
	{
		"date":"05-06",
		"day":"S. Joannis ante portam Latinam",
		"tags":["joannes-portam-latinam","greater-double"]
	},
	{
		"date":"05-07",
		"day":"S. Stanislai Episc. et Mart.",
		"tags":["double","martyr-bishop"]
	},
	{
		"date":"05-08",
		"day":"Apparitio S. Michaëlis Archang.",
		"tags":["apparitio-michaelis","greater-double"]
	},
	{
		"date":"05-09",
		"day":"S. Gregorii Nazianzeni Ep., Conf. et Eccl. Doct.",
		"tags":["gregorius-nazianzenus","double","confessor-bishop","doctor"]
	},
	{
		"date":"05-10",
		"day":"S. Antonini Episc. et Conf.",
		"tags":["antoninus","double","confessor-bishop"]
	},
	{
		"date":"05-10",
		"day":"Ss. Gordiani et Epimachi Mm.",
		"tags":["gordianus-epimachus","commemoration","martyrs"]
	},
	{
		"date":"05-12",
		"day":"Ss. Nerei, Achillei, et Domitillæ Vg. atque Paneratii Mm.",
		"tags":["nereus-achilleus-domitilla-paneratius","semidouble","virgin","martyrs"]
	},
	{
		"date":"05-14",
		"day":"S. Bonifacii Mart.",
		"tags":["bonifacius","simple","martyr"]
	},
	{
		"date":"05-16",
		"day":"S. Ubaldi Episc. et Conf.",
		"tags":["ubaldus","semidouble","confessor-bishop"]
	},
	{
		"date":"05-17",
		"day":"S. Paschalis Baylon Conf.",
		"tags":["paschalis-baylon","double","confessor"]
	},
	{
		"date":"05-18",
		"day":"S. Venantii Mart.",
		"tags":["venantius","double","martyr"]
	},
	{
		"date":"05-19",
		"day":"S. Petri Cœlestini Papæ et Conf.",
		"tags":["petrus-coelestinus","double","confessor-bishop","pope"]
	},
	{
		"date":"05-19",
		"day":"S. Pudentianæ Virg",
		"tags":["pudentiana","commemoration","virgin"]
	},
	{
		"date":"05-20",
		"day":"S. Bernardini Senensis Cf.",
		"tags":["bernardinus-senensis","semidouble","confessor"]
	},
	{
		"date":"05-25",
		"day":"S. Gregorii VII. Papæ et Cf.",
		"tags":["gregorius-vii","double","confessor-bishop","pope"]
	},
	{
		"date":"05-25",
		"day":"S. Urbani I. Pp. et Mart.",
		"tags":["urbanus-i","commemoration","martyr-bishop","pope"]
	},
	{
		"date":"05-26",
		"day":"S. Philippi Nerii Cf.",
		"tags":["philippus-nerius","double","confessor"]
	},
	{
		"date":"05-26",
		"day":"S. Eleutherii Papæ et Mart.",
		"tags":["eleutherius","commemoration","martyr-bishop","pope"]
	},
	{
		"date":"05-27",
		"day":"S. Mariæ Magdalenæ de Pazzis Virg.",
		"tags":["maria-magdalena-pazzis","semidouble","virgin"]
	},
	{
		"date":"05-27",
		"day":"S. Joannis Papæ et Mart.",
		"tags":["joannes-i","commemoration","martyr-bishop","pope"]
	},
	{
		"date":"05-28",
		"day":"S. Augustini Ep. et Conf.",
		"tags":["augustinus-episcopus","double","confessor-bishop"]
	},
	{
		"date":"05-30",
		"day":"S. Felicis I. Papæ et Mart.",
		"tags":["felix-i","simple","martyr-bishop","pope"]
	},
	{
		"date":"05-31",
		"day":"S. Angelæ Mariciæ Virg.",
		"tags":["angela-maricia","double","virgin"]
	},
	{
		"date":"05-31",
		"day":"S. Petronillæ Virg.",
		"tags":["petronilla","commemoration","virgin"]
	},
	{
		"date":"06-02",
		"day":"Ss. Marcellini, Petri, atque Erasmi Martyrum",
		"tags":["marcellinus-petrus-erasmus","simple","martyrs"]
	},
	{
		"date":"06-04",
		"day":"S. Francisci Caracciolo Cf.",
		"tags":["franciscus-caracciolo","double","confessor"]
	},
	{
		"date":"06-05",
		"day":"S. Bonifacii Ep. et Mart.",
		"tags":["bonifacius-episcopus","double","martyr-bishop"]
	},
	{
		"date":"06-06",
		"day":"S. Norberti Ep. et Conf.",
		"tags":["norbertus","double","confessor-bishop"]
	},
	{
		"date":"06-09",
		"day":"Ss. Primi et Feliciani Mm.",
		"tags":["primus-felicianus","simple","martyrs"]
	},
	{
		"date":"06-10",
		"day":"S. Margaritæ Reginæ Scotiæ Viduæ",
		"tags":["margarita","semidouble","widow"]
	},
	{
		"date":"06-11",
		"day":"S. Barnabæ Apost.",
		"tags":["barnabas","greater-double","apostle","martyr"]
	},
	{
		"date":"06-12",
		"day":"S. Joannis a S. Facundo Cf.",
		"tags":["joannis-facundo","double","confessor"]
	},
	{
		"date":"06-12",
		"day":"Ss. Basilidis et Soc. Mm.",
		"tags":["basilides","commemoration","martyrs"]
	},
	{
		"date":"06-13",
		"day":"S. Antonii de Padua Conf.",
		"tags":["antonius-padua","double","confessor"]
	},
	{
		"date":"06-14",
		"day":"S. Basilii Magni Ep., Cf. et Eccl. Doct.",
		"tags":["basilius-magnus","double","confessor-bishop","doctor"]
	},
	{
		"date":"06-15",
		"day":"Ss. Viti, Modesti, atque Crescentiæ Martyrum",
		"tags":["vitus-modestus-crescentia","simple","martyrs"]
	},
	{
		"date":"06-18",
		"day":"Ss. Marci et Marcelliani Mm.",
		"tags":["marcus-marcellianus","simple","martyrs"]
	},
	{
		"date":"06-19",
		"day":"S. Julianæ de Falconeriis Virg.",
		"tags":["juliana-falconeriis","double","virgin"]
	},
	{
		"date":"06-19",
		"day":"Ss. Gervasii et Protasii Martyrum",
		"tags":["gervasius-protasius","commemoration","martyrs"]
	},
	{
		"date":"06-20",
		"day":"S. Silverii Papæ et Mart.",
		"tags":["silverius","simple","pope","martyr-bishop"]
	},
	{
		"date":"06-21",
		"day":"S. Aloysii Gonzagæ Conf.",
		"tags":["aloysius","double","confessor"]
	},
	{
		"date":"06-22",
		"day":"S. Paulinus Episc. et Conf.",
		"tags":["paulinus","simple","confessor-bishop"]
	},
	{
		"date":"06-24",
		"day":"Nativitas S. Joannis Baptistæ",
		"genitive-day":"Nativitatis S. Joannis Baptistæ",
		"tags":["nativitas-joannis-baptistae","double-i-class","has-octave","has-vigil"]
	},
	{
		"date":"06-25",
		"day":"S. Gulielmi Abbatis",
		"tags":["gulielmus","double","abbot"]
	},
	{
		"date":"06-26",
		"day":"Ss. Joannis et Pauli Mm.",
		"tags":["joannes-paulus","double","martyrs"]
	},
	{
		"date":"06-28",
		"day":"S. Leonis II Papæ et Conf.",
		"tags":["leo-ii","semidouble","confessor-bishop","pope"]
	},
	{
		"date":"06-29",
		"day":"Ss. Petri et Pauli Ap.",
		"genitive-day":"Ss. Petri et Pauli",
		"tags":["petrus-paulus","double-i-class,","apostles","has-octave","has-vigil","martyrs"]
	},
	{
		"date":"06-30",
		"day":"Commemoratio S. Pauli Apost.",
		"tags":["commemoratio-pauli","greater-double","martyr","apostle"]
	},
	{
		"date":"08-01",
		"day":"S. Petri ad Vincula",
		"tags":["petrus-ad-vincula","greater-double"]
	},
	{
		"date":"08-01",
		"day":"Ss. Machabæorum Mm.",
		"tags":["machabaei","martyrs","commemoration"]
	},
	{
		"date":"08-02",
		"day":"S. Alphonsi Mariæ de Ligorio Ep., Conf. et Eccl. Doct.",
		"tags":["alphonsus-liguori","double","doctor","confessor-bishop"]
	},
	{
		"date":"08-03",
		"day":"Inventio S. Stephani Protomartyris",
		"tags":["inventio-stepheni","semidouble","martyr"]
	},
	{
		"date":"08-04",
		"day":"S. Dominici Conf.",
		"tags":["dominicus","greater-double","confessor"]
	},
	{
		"date":"08-05",
		"day":"Dedicatio S. Mariæ ad Nives",
		"tags":["maria-ad-nives","greater-double","mary"]
	},
	{
		"date":"08-06",
		"day":"Transfiguratio D.N.J.C.",
		"tags":["transfiguratio","greater-double"]
	},
	{
		"date":"08-06",
		"day":"Ss. Xysti II. Papæ, Felicissimi et Agapiti Martyrum",
		"tags":["xystus-ii-felicissimus-agapitus","martyrs","commemoration"]
	},
	{
		"date":"08-07",
		"day":"S. Cajetani Conf.",
		"tags":["cajetanus","double","confessor"]
	},
	{
		"date":"08-07",
		"day":"S. Donati Episc. et Mart.",
		"tags":["donatus","commemoration","martyr-bishop"]
	},
	{
		"date":"08-08",
		"day":"Ss. Cyriaci, Largi, et Smaragdi Mm.",
		"tags":["cyriacus-largus-smaragdus","martyrs","semidouble"]
	},
	{
		"date":"08-10",
		"day":"S. Laurentii Mart.",
		"genitive-day":"S. Laurentii",
		"tags":["laurentius","martyr","double-ii-class","has-octave","has-vigil"]
	},
	{
		"date":"08-11",
		"day":"Ss. Tibertius et Susannæ Mm.",
		"tags":["tibertius-susanna","commemoration","martyrs"]
	},
	{
		"date":"08-12",
		"day":"S. Claræ Virg.",
		"tags":["clara","virgin","double"]
	},
	{
		"date":"08-13",
		"day":"Ss. Hippolyti et Cassiani Mm.",
		"tags":["hippolytus-cassianus","commemoration","martyrs"]
	},
	{
		"date":"08-14",
		"day":"S. Eusebii Conf.",
		"tags":["eusebius","commemoration","confessor"]
	},
	{
		"date":"08-15",
		"day":"Assumptio B.M.V.",
		"genitive-day":"Assumptionis",
		"tags":["assumptio","double-i-class","mary","has-octave","has-vigil"]
	},
	{
		"date":"08-16",
		"day":"S. Hyacinthi Conf.",
		"tags":["hyacinthus","confessor","double"]
	},
	{
		"date":"08-18",
		"day":"S. Agapiti Martyris",
		"tags":["agapitus","martyr","commemoration"]
	},
	{
		"date":"08-20",
		"day":"S. Bernardi Abb., Conf. et Eccl. Doct.",
		"tags":["bernardus","abbot","doctor","double"]
	},
	{
		"date":"08-21",
		"day":"S. Joannæ Franciscæ Fremiot de Chantal Vid.",
		"tags":["joanna-francisca","widow","double"]
	},
	{
		"date":"08-22",
		"day":"Ss. Timothei et Soc. Mm.",
		"tags":["timotheus-etc","martyrs","commemoration"]
	},
	{
		"date":"08-23",
		"day":"S. Philippi Benitii Conf.",
		"tags":["philippus-benitius","confessor","double"]
	},
	{
		"date":"08-24",
		"day":"S. Bartholomaei Apost.",
		"genitive-day":"S. Bartholomaei",
		"tags":["bartholomaeus","double-ii-class","apostle","has-vigil"]
	},
	{
		"date":"08-25",
		"day":"S. Ludovici Regis Conf.",
		"tags":["ludovicus","semidouble","confessor"]
	},
	{
		"date":"08-26",
		"day":"S. Zephyrini Papæ et Mart.",
		"tags":["zephyrinus","pope","martyr-bishop","simple"]
	},
	{
		"date":"08-27",
		"day":"S. Josephi Calasanctii Conf.",
		"tags":["josephus-calasanctius","confessor","double"]
	},
	{
		"date":"08-28",
		"day":"S. Augustini Episc., Conf. et Eccl. Doct.",
		"tags":["augustinus","double","confessor-bishop","doctor"]
	},
	{
		"date":"08-28",
		"day":"S. Hermetis Martyris",
		"tags":["hermis","martyr","commemoration"]
	},
	{
		"date":"08-29",
		"day":"Decollatio S. Joannis Bapt.",
		"tags":["decollatio-joannis-baptistae","greater-double","martyr"]
	},
	{
		"date":"08-29",
		"day":"S. Sabinæ Mart.",
		"tags":["sabina","commemoration","martyr"]
	},
	{
		"date":"08-30",
		"day":"S. Rosæ Limanæ Virg.",
		"tags":["rosa","double","virgin"]
	},
	{
		"date":"08-30",
		"day":"Ss. Felicis et Adaucti Mm.",
		"tags":["felix-adauctus","martyrs","commemoration"]
	},
	{
		"date":"08-31",
		"day":"S. Raymundi Nonnati Cf.",
		"tags":["raymundus-nonnatus","confessor","double"]
	},
	{
		"date":"12-29",
		"day":"S. Thomae, Episc. et Mart.",
		"tags":["thomas-becket","semidouble","martyr-bishop"]
	}
]
