[
	{
		"difference": -63,
		"day": "Dominica Septuagesima",
		"tags": ["semidouble","sunday","sunday-ii-class","week-septuagesima","penitential"]
	},
	{
		"difference": -62,
		"day": "Feria II infra Hebdomadam Septuagesimæ",
		"tags": ["ferial","monday","week-septuagesima","penitential"]
	},
	{
		"difference": -61,
		"day": "Feria III infra Hebdomadam Septuagesimæ",
		"tags": ["ferial","tuesday","week-septuagesima","penitential"]
	},
	{
		"difference": -60,
		"day": "Feria IV infra Hebdomadam Septuagesimæ",
		"tags": ["ferial","wednesday","week-septuagesima","penitential"]
	},
	{
		"difference": -59,
		"day": "Feria V infra Hebdomadam Septuagesimæ",
		"tags": ["ferial","thursday","week-septuagesima","penitential"]
	},
	{
		"difference": -58,
		"day": "Feria VI infra Hebdomadam Septuagesimæ",
		"tags": ["ferial","friday","week-septuagesima","penitential"]
	},
	{
		"difference": -57,
		"day": "Sabbato infra Hebdomadam Septuagesimæ",
		"tags": ["ferial","saturday","week-septuagesima","penitential"]
	},
	{
		"difference": -56,
		"day": "Dominica Sexagesima",
		"tags": ["semidouble","sunday","sunday-ii-class","week-sexagesima","penitential"]
	},
	{
		"difference": -55,
		"day": "Feria II infra Hebdomadam Sexagesimæ",
		"tags": ["ferial","monday","week-sexagesima","penitential"]
	},
	{
		"difference": -54,
		"day": "Feria III infra Hebdomadam Sexagesimæ",
		"tags": ["ferial","tuesday","week-sexagesima","penitential"]
	},
	{
		"difference": -53,
		"day": "Feria IV infra Hebdomadam Sexagesimæ",
		"tags": ["ferial","wednesday","week-sexagesima","penitential"]
	},
	{
		"difference": -52,
		"day": "Feria V infra Hebdomadam Sexagesimæ",
		"tags": ["ferial","thursday","week-sexagesima","penitential"]
	},
	{
		"difference": -51,
		"day": "Feria VI infra Hebdomadam Sexagesimæ",
		"tags": ["ferial","friday","week-sexagesima","penitential"]
	},
	{
		"difference": -50,
		"day": "Sabbato infra Hebdomadam Sexagesimæ",
		"tags": ["ferial","saturday","week-sexagesima","penitential"]
	},
	{
		"difference": -49,
		"day": "Dominica Quinquasesima",
		"tags": ["semidouble","sunday","sunday-ii-class","week-quinquagesima","penitential"]
	},
	{
		"difference": -48,
		"day": "Feria II infra Hebdomadam Quinquasesimæ",
		"tags": ["ferial","monday","week-quinquagesima","penitential"]
	},
	{
		"difference": -47,
		"day": "Feria III infra Hebdomadam Quinquasesimæ",
		"tags": ["ferial","tuesday","week-quinquagesima","penitential"]
	},
	{
		"difference": -46,
		"day": "Feria IV Cinerum",
		"tags": ["cinerum","ferial","wednesday","no-concurrence","penitential","no-transfer"]
	},
	{
		"difference": -45,
		"day": "Feria V post Cineres",
		"tags": ["cinerum","ferial","thursday","penitential"]
	},
	{
		"difference": -44,
		"day": "Feria VI post Cineres",
		"tags": ["cinerum","ferial","friday","penitential"]
	},
	{
		"difference": -43,
		"day": "Sabbato post Cineres",
		"tags": ["cinerum","ferial","saturday","penitential"]
	},
	{
		"difference": -42,
		"day": "Dominica I in Quadragesima",
		"tags": ["week-i-lent","sunday","sunday-i-class","semidouble","penitential"]
	},
	{
		"difference": -41,
		"day": "Feria II infra Hebdomadam I in Quadragesima",
		"tags": ["week-i-lent","monday","ferial","penitential"]
	},
	{
		"difference": -40,
		"day": "Feria III infra Hebdomadam I in Quadragesima",
		"tags": ["week-i-lent","tuesday","ferial","penitential"]
	},
	{
		"difference": -39,
		"day": "Feria IV infra Hebdomadam I in Quadragesima",
		"tags": ["week-i-lent","wednesday","ferial","penitential"]
	},
	{
		"difference": -38,
		"day": "Feria V infra Hebdomadam I in Quadragesima",
		"tags": ["week-i-lent","thursday","ferial","penitential"]
	},
	{
		"difference": -37,
		"day": "Feria VI infra Hebdomadam I in Quadragesima",
		"tags": ["week-i-lent","friday","ferial","penitential"]
	},
	{
		"difference": -36,
		"day": "Sabbato infra Hebdomadam I in Quadragesima",
		"tags": ["week-i-lent","saturday","ferial","penitential"]
	},
	{
		"difference": -35,
		"day": "Dominica II in Quadragesima",
		"tags": ["week-ii-lent","sunday","sunday-ii-class","semidouble","penitential"]
	},
	{
		"difference": -34,
		"day": "Feria II infra Hebdomadam II in Quadragesima",
		"tags": ["week-ii-lent","monday","ferial","penitential"]
	},
	{
		"difference": -33,
		"day": "Feria III infra Hebdomadam II in Quadragesima",
		"tags": ["week-ii-lent","tuesday","ferial","penitential"]
	},
	{
		"difference": -32,
		"day": "Feria IV infra Hebdomadam II in Quadragesima",
		"tags": ["week-ii-lent","wednesday","ferial","penitential"]
	},
	{
		"difference": -31,
		"day": "Feria V infra Hebdomadam II in Quadragesima",
		"tags": ["week-ii-lent","thursday","ferial","penitential"]
	},
	{
		"difference": -30,
		"day": "Feria VI infra Hebdomadam II in Quadragesima",
		"tags": ["week-ii-lent","friday","ferial","penitential"]
	},
	{
		"difference": -29,
		"day": "Sabbato infra Hebdomadam II in Quadragesima",
		"tags": ["week-ii-lent","saturday","ferial","penitential"]
	},
	{
		"difference": -28,
		"day": "Dominica III in Quadragesima",
		"tags": ["week-iii-lent","sunday","sunday-ii-class","semidouble","penitential"]
	},
	{
		"difference": -27,
		"day": "Feria II infra Hebdomadam III in Quadragesima",
		"tags": ["week-iii-lent","monday","ferial","penitential"]
	},
	{
		"difference": -26,
		"day": "Feria III infra Hebdomadam III in Quadragesima",
		"tags": ["week-iii-lent","tuesday","ferial","penitential"]
	},
	{
		"difference": -25,
		"day": "Feria IV infra Hebdomadam III in Quadragesima",
		"tags": ["week-iii-lent","wednesday","ferial","penitential"]
	},
	{
		"difference": -24,
		"day": "Feria V infra Hebdomadam III in Quadragesima",
		"tags": ["week-iii-lent","thursday","ferial","penitential"]
	},
	{
		"difference": -23,
		"day": "Feria VI infra Hebdomadam III in Quadragesima",
		"tags": ["week-iii-lent","friday","ferial","penitential"]
	},
	{
		"difference": -22,
		"day": "Sabbato infra Hebdomadam III in Quadragesima",
		"tags": ["week-iii-lent","saturday","ferial","penitential"]
	},
	{
		"difference": -21,
		"day": "Dominica IV in Quadragesima",
		"tags": ["week-iv-lent","sunday","sunday-ii-class","semidouble","penitential"]
	},
	{
		"difference": -20,
		"day": "Feria II infra Hebdomadam IV in Quadragesima",
		"tags": ["week-iv-lent","monday","ferial","penitential"]
	},
	{
		"difference": -19,
		"day": "Feria III infra Hebdomadam IV in Quadragesima",
		"tags": ["week-iv-lent","tuesday","ferial","penitential"]
	},
	{
		"difference": -18,
		"day": "Feria IV infra Hebdomadam IV in Quadragesima",
		"tags": ["week-iv-lent","wednesday","ferial","penitential"]
	},
	{
		"difference": -17,
		"day": "Feria V infra Hebdomadam IV in Quadragesima",
		"tags": ["week-iv-lent","thursday","ferial","penitential"]
	},
	{
		"difference": -16,
		"day": "Feria VI infra Hebdomadam IV in Quadragesima",
		"tags": ["week-iv-lent","friday","ferial","penitential"]
	},
	{
		"difference": -15,
		"day": "Sabbato infra Hebdomadam IV in Quadragesima",
		"tags": ["week-iv-lent","saturday","ferial","penitential"]
	},
	{
		"difference": -14,
		"day": "Dominica de Passione",
		"tags": ["passion-week","sunday","semidouble","sunday-i-class","penitential"]
	},
	{
		"difference": -13,
		"day": "Feria II infra Hebdomadam Passionis",
		"tags": ["passion-week","monday","ferial","penitential"]
	},
	{
		"difference": -12,
		"day": "Feria III infra Hebdomadam Passionis",
		"tags": ["passion-week","tuesday","ferial","penitential"]
	},
	{
		"difference": -11,
		"day": "Feria IV infra Hebdomadam Passionis",
		"tags": ["passion-week","wednesday","ferial","penitential"]
	},
	{
		"difference": -10,
		"day": "Feria V infra Hebdomadam Passionis",
		"tags": ["passion-week","thursday","ferial","penitential"]
	},
	{
		"difference": -9,
		"day": "Feria VI infra Hebdomadam Passionis",
		"tags": ["passion-week","friday","ferial","penitential"]
	},
	{
		"difference": -8,
		"day": "Sabbato infra Hebdomadam Passionis",
		"tags": ["passion-week","saturday","ferial","penitential"]
	},
	{
		"difference": -7,
		"day": "Dominica in Palmis",
		"tags": ["palm-sunday","holy-week","sunday","semidouble","sunday-i-class","penitential"]
	},
	{
		"difference": -6,
		"day": "Feria II Majoris Hebdomadæ",
		"tags": ["holy-week","monday","ferial","no-concurrence","penitential"]
	},
	{
		"difference": -5,
		"day": "Feria III Majoris Hebdomadæ",
		"tags": ["holy-week","tuesday","ferial","no-concurrence","penitential"]
	},
	{
		"difference": -4,
		"day": "Feria IV Majoris Hebdomadæ",
		"tags": ["holy-week","wednesday","ferial","no-concurrence","penitential"]
	},
	{
		"difference": -3,
		"day": "Feria V in Cena Domini",
		"tags": ["holy-week","triduum","last-supper","thursday","ferial","no-concurrence","penitential"]
	},
	{
		"difference": -2,
		"day": "Feria VI in Parasceve",
		"tags": ["holy-week","triduum","good-friday","friday","ferial","no-concurrence","penitential"]
	},
	{
		"difference": -1,
		"day": "Sabbato Sancto",
		"tags": ["holy-week","triduum","holy-saturday","saturday","ferial","vigil","no-concurrence","penitential"]
	},
	{
		"difference": 0,
		"day": "Dominica Resurrectionis",
		"tags": ["pascha","double-i-class","sunday", "sunday-i-class","has-vigil","has-special-vigil","has-octave","has-special-octave"]
	},
	{
		"difference": 1,
		"day": "Die II infra Octavam Paschæ",
		"tags": ["pascha","double-i-class","monday","in-octave","day-2","no-concurrence"]
	},
	{
		"difference": 2,
		"day": "Die III infra Octavam Paschæ",
		"tags": ["pascha","double-i-class","tuesday","in-octave","day-3","no-concurrence"]
	},
	{
		"difference": 3,
		"day": "Die IV infra Octavam Paschæ",
		"tags": ["pascha","semidouble","wednesday","in-octave","day-4","no-concurrence"]
	},
	{
		"difference": 4,
		"day": "Die V infra Octavam Paschæ",
		"tags": ["pascha","semidouble","thursday","in-octave","day-5","no-concurrence"]
	},
	{
		"difference": 5,
		"day": "Die VI infra Octavam Paschæ",
		"tags": ["pascha","semidouble","friday","in-octave","day-6","no-concurrence"]
	},
	{
		"difference": 6,
		"day": "Sabbato in Albis",
		"tags": ["pascha","semidouble","saturday","in-octave","day-7","no-concurrence"]
	},
	{
		"difference": 7,
		"day": "Dominica in Albis in Octava Paschæ",
		"tags": ["sunday-in-white","sunday","double","sunday-i-class","octave-day","week-i-easter"]
	},
	{
		"difference": 8,
		"day": "Feria II infra Hebdomadam I post Octavam Paschæ",
		"tags": ["week-i-easter","monday","ferial"]
	},
	{
		"difference": 9,
		"day": "Feria III infra Hebdomadam I post Octavam Paschæ",
		"tags": ["week-i-easter","tuesday","ferial"]
	},
	{
		"difference": 10,
		"day": "Feria IV infra Hebdomadam I post Octavam Paschæ",
		"tags": ["week-i-easter","wednesday","ferial"]
	},
	{
		"difference": 11,
		"day": "Feria V infra Hebdomadam I post Octavam Paschæ",
		"tags": ["week-i-easter","thursday","ferial"]
	},
	{
		"difference": 12,
		"day": "Feria VI infra Hebdomadam I post Octavam Paschæ",
		"tags": ["week-i-easter","friday","ferial"]
	},
	{
		"difference": 13,
		"day": "Sabbato infra Hebdomadam I post Octavam Paschæ",
		"tags": ["week-i-easter","saturday","ferial"]
	},
	{
		"difference": 14,
		"day": "Dominica II post Octavam Paschæ",
		"tags": ["week-ii-easter","sunday","semidouble"]
	},
	{
		"difference": 15,
		"day": "Feria II infra Hebdomadam II post Octavam Paschæ",
		"tags": ["week-ii-easter","monday","ferial"]
	},
	{
		"difference": 16,
		"day": "Feria III infra Hebdomadam II post Octavam Paschæ",
		"tags": ["week-ii-easter","tuesday","ferial"]
	},
	{
		"difference": 17,
		"day": "Feria IV infra Hebdomadam II post Octavam Paschæ",
		"tags": ["week-ii-easter","wednesday","ferial"]
	},
	{
		"difference": 18,
		"day": "Feria V infra Hebdomadam II post Octavam Paschæ",
		"tags": ["week-ii-easter","thursday","ferial"]
	},
	{
		"difference": 19,
		"day": "Feria VI infra Hebdomadam II post Octavam Paschæ",
		"tags": ["week-ii-easter","friday","ferial"]
	},
	{
		"difference": 20,
		"day": "Sabbato infra Hebdomadam II post Octavam Paschæ",
		"tags": ["week-ii-easter","saturday","ferial"]
	},
	{
		"difference": 21,
		"day": "Dominica III post Octavam Paschæ",
		"tags": ["week-iii-easter","sunday","semidouble"]
	},
	{
		"difference": 22,
		"day": "Feria II infra Hebdomadam III post Octavam Paschæ",
		"tags": ["week-iii-easter","monday","ferial"]
	},
	{
		"difference": 23,
		"day": "Feria III infra Hebdomadam III post Octavam Paschæ",
		"tags": ["week-iii-easter","tuesday","ferial"]
	},
	{
		"difference": 24,
		"day": "Feria IV infra Hebdomadam III post Octavam Paschæ",
		"tags": ["week-iii-easter","wednesday","ferial"]
	},
	{
		"difference": 25,
		"day": "Feria V infra Hebdomadam III post Octavam Paschæ",
		"tags": ["week-iii-easter","thursday","ferial"]
	},
	{
		"difference": 26,
		"day": "Feria VI infra Hebdomadam III post Octavam Paschæ",
		"tags": ["week-iii-easter","friday","ferial"]
	},
	{
		"difference": 27,
		"day": "Sabbato infra Hebdomadam III post Octavam Paschæ",
		"tags": ["week-iii-easter","saturday","ferial"]
	},
	{
		"difference": 28,
		"day": "Dominica IV post Octavam Paschæ",
		"tags": ["week-iv-easter","sunday","semidouble"]
	},
	{
		"difference": 29,
		"day": "Feria II infra Hebdomadam IV post Octavam Paschæ",
		"tags": ["week-iv-easter","monday","ferial"]
	},
	{
		"difference": 30,
		"day": "Feria III infra Hebdomadam IV post Octavam Paschæ",
		"tags": ["week-iv-easter","tuesday","ferial"]
	},
	{
		"difference": 31,
		"day": "Feria IV infra Hebdomadam IV post Octavam Paschæ",
		"tags": ["week-iv-easter","wednesday","ferial"]
	},
	{
		"difference": 32,
		"day": "Feria V infra Hebdomadam IV post Octavam Paschæ",
		"tags": ["week-iv-easter","thursday","ferial"]
	},
	{
		"difference": 33,
		"day": "Feria VI infra Hebdomadam IV post Octavam Paschæ",
		"tags": ["week-iv-easter","friday","ferial"]
	},
	{
		"difference": 34,
		"day": "Sabbato infra Hebdomadam IV post Octavam Paschæ",
		"tags": ["week-iv-easter","saturday","ferial"]
	},
	{
		"difference": 35,
		"day": "Dominica V post Octavam Paschæ",
		"tags": ["week-v-easter","sunday","semidouble"]
	},
	{
		"difference": 36,
		"day": "Feria II infra Hebdomadam V post Octavam Paschæ",
		"tags": ["week-v-easter","monday","ferial"]
	},
	{
		"difference": 37,
		"day": "Feria III infra Hebdomadam V post Octavam Paschæ",
		"tags": ["week-v-easter","tuesday","ferial"]
	},
	{
		"difference": 38,
		"day": "Feria IV infra Hebdomadam V post Octavam Paschæ",
		"tags": ["week-v-easter","wednesday","ferial"]
	},
	{
		"difference": 39,
		"day": "In Ascensione Domini",
		"genitive-day":"Ascensionis",
		"tags": ["ascensio","double-i-class","has-octave","has-vigil","has-special-vigil"]
	},
	{
		"difference": 47,
		"day": "Feria VI post Octavam Ascensionis",
		"tags": ["post-ascensione","friday","semidouble"]
	},
	{
		"difference": 48,
		"day": "Sabbato in Vigilia Pentecostes",
		"tags": ["vigilia-pentecostes","semidouble","saturday","post-ascension"]
	},
	{
		"difference": 49,
		"day": "Dominica Pentecostes",
		"tags": ["pentecostes","double-i-class","sunday", "sunday-i-class","has-vigil","has-special-vigil","has-octave","has-special-octave"]
	},
	{
		"difference": 50,
		"day": "Die II infra Octavam Pentecostes",
		"tags": ["pentecostes","double-i-class","monday","in-octave","day-2","no-concurrence"]
	},
	{
		"difference": 51,
		"day": "Die III infra Octavam Pentecostes",
		"tags": ["pentecostes","double-i-class","tuesday","in-octave","day-3","no-concurrence"]
	},
	{
		"difference": 52,
		"day": "Feria IV infra Octavam Pentecostes",
		"tags": ["pentecostes","semidouble","wednesday","in-octave","day-4","no-concurrence"]
	},
	{
		"difference": 53,
		"day": "Feria V infra Octavam Pentecostes",
		"tags": ["pentecostes","semidouble","thursday","in-octave","day-5","no-concurrence"]
	},
	{
		"difference": 54,
		"day": "Feria VI infra Octavam Pentecostes",
		"tags": ["pentecostes","semidouble","friday","in-octave","day-6","no-concurrence"]
	},
	{
		"difference": 55,
		"day": "Sabbato infra Octavam Pentecostes",
		"tags": ["pentecostes","semidouble","saturday","in-octave","day-7","no-concurrence"]
	},
	{
		"difference": 56,
		"day": "Dominica Trinitatis",
		"tags": ["trinitas","double-ii-class","sunday","sunday-i-class","octave-day"]
	},
	{
		"difference": 57,
		"day": "Feria II infra Hebdomadam I post Octavam Pentecostes",
		"tags": ["ferial","monday","week-i-pentecost"]
	},
	{
		"difference": 58,
		"day": "Feria III infra Hebdomadam I post Octavam Pentecostes",
		"tags": ["ferial","tuesday","week-i-pentecost"]
	},
	{
		"difference": 59,
		"day": "Feria IV infra Hebdomadam I post Octavam Pentecostes",
		"tags": ["ferial","wednesday","week-i-pentecost"]
	},
	{
		"difference": 60,
		"day": "Feria V infra Hebdomadam I post Octavam Pentecostes",
		"tags": ["ferial","thursday","week-i-pentecost"]
	},
	{
		"difference": 61,
		"day": "Feria VI infra Hebdomadam I post Octavam Pentecostes",
		"tags": ["ferial","friday","week-i-pentecost"]
	},
	{
		"difference": 62,
		"day": "Sabbato infra Hebdomadam I post Octavam Pentecostes",
		"tags": ["ferial","saturday","week-i-pentecost"]
	},
	{
		"difference": 63,
		"day": "Dominica II post Pentecosten",
		"tags": ["semidouble","sunday","week-ii-pentecost"]
	},
	{
		"difference": 64,
		"day": "Feria II infra Hebdomadam II post Octavam Pentecostes",
		"tags": ["ferial","monday","week-ii-pentecost"]
	},
	{
		"difference": 65,
		"day": "Feria III infra Hebdomadam II post Octavam Pentecostes",
		"tags": ["ferial","tuesday","week-ii-pentecost"]
	},
	{
		"difference": 66,
		"day": "Feria IV infra Hebdomadam II post Octavam Pentecostes",
		"tags": ["ferial","wednesday","week-ii-pentecost"]
	},
	{
		"difference": 67,
		"day": "Feria V infra Hebdomadam II post Octavam Pentecostes",
		"tags": ["ferial","thursday","week-ii-pentecost"]
	},
	{
		"difference": 68,
		"day": "Feria VI infra Hebdomadam II post Octavam Pentecostes",
		"tags": ["ferial","friday","week-ii-pentecost"]
	},
	{
		"difference": 69,
		"day": "Sabbato infra Hebdomadam II post Octavam Pentecostes",
		"tags": ["ferial","saturday","week-ii-pentecost"]
	},
	{
		"difference": 70,
		"day": "Dominica III post Pentecosten",
		"tags": ["semidouble","sunday","week-iii-pentecost"]
	},
	{
		"difference": 71,
		"day": "Feria II infra Hebdomadam III post Octavam Pentecostes",
		"tags": []
	},
	{
		"difference": 72,
		"day": "Feria III infra Hebdomadam III post Octavam Pentecostes",
		"tags": []
	},
	{
		"difference": 73,
		"day": "Feria IV infra Hebdomadam III post Octavam Pentecostes",
		"tags": []
	},
	{
		"difference": 74,
		"day": "Feria V infra Hebdomadam III post Octavam Pentecostes",
		"tags": []
	},
	{
		"difference": 75,
		"day": "Feria VI infra Hebdomadam III post Octavam Pentecostes",
		"tags": []
	},
	{
		"difference": 76,
		"day": "Sabbato infra Hebdomadam III post Octavam Pentecostes",
		"tags": []
	},
	{
		"difference": 77,
		"day": "Dominica IV post Pentecosten",
		"tags": ["semidouble","sunday","week-iv-pentecost"]
	},
	{
		"difference": 78,
		"day": "Feria II infra Hebdomadam IV post Octavam Pentecostes",
		"tags": []
	},
	{
		"difference": 79,
		"day": "Feria III infra Hebdomadam IV post Octavam Pentecostes",
		"tags": []
	},
	{
		"difference": 80,
		"day": "Feria IV infra Hebdomadam IV post Octavam Pentecostes",
		"tags": []
	},
	{
		"difference": 81,
		"day": "Feria V infra Hebdomadam IV post Octavam Pentecostes",
		"tags": []
	},
	{
		"difference": 82,
		"day": "Feria VI infra Hebdomadam IV post Octavam Pentecostes",
		"tags": []
	},
	{
		"difference": 83,
		"day": "Sabbato infra Hebdomadam IV post Octavam Pentecostes",
		"tags": []
	},
	{
		"difference": 84,
		"day": "Dominica V post Pentecosten",
		"tags": ["semidouble","sunday","week-v-pentecost"]
	},
	{
		"difference": 85,
		"day": "Feria II infra Hebdomadam V post Octavam Pentecostes",
		"tags": []
	},
	{
		"difference": 86,
		"day": "Feria III infra Hebdomadam V post Octavam Pentecostes",
		"tags": []
	},
	{
		"difference": 87,
		"day": "Feria IV infra Hebdomadam V post Octavam Pentecostes",
		"tags": []
	},
	{
		"difference": 88,
		"day": "Feria V infra Hebdomadam V post Octavam Pentecostes",
		"tags": []
	},
	{
		"difference": 89,
		"day": "Feria VI infra Hebdomadam V post Octavam Pentecostes",
		"tags": []
	},
	{
		"difference": 90,
		"day": "Sabbato infra Hebdomadam V post Octavam Pentecostes",
		"tags": []
	},
	{
		"difference": 91,
		"day": "Dominica VI post Pentecosten",
		"tags": ["semidouble","sunday","week-vi-pentecost"]
	},
	{
		"difference": 92,
		"day": "Feria II infra Hebdomadam VI post Octavam Pentecostes",
		"tags": []
	},
	{
		"difference": 93,
		"day": "Feria III infra Hebdomadam VI post Octavam Pentecostes",
		"tags": []
	},
	{
		"difference": 94,
		"day": "Feria IV infra Hebdomadam VI post Octavam Pentecostes",
		"tags": []
	},
	{
		"difference": 95,
		"day": "Feria V infra Hebdomadam VI post Octavam Pentecostes",
		"tags": []
	},
	{
		"difference": 96,
		"day": "Feria VI infra Hebdomadam VI post Octavam Pentecostes",
		"tags": []
	},
	{
		"difference": 97,
		"day": "Sabbato infra Hebdomadam VI post Octavam Pentecostes",
		"tags": []
	},
	{
		"difference": 98,
		"day": "Dominica VII post Pentecosten",
		"tags": ["semidouble","sunday","week-vii-pentecost"]
	},
	{
		"difference": 99,
		"day": "Feria II infra Hebdomadam VII post Octavam Pentecostes",
		"tags": []
	},
	{
		"difference": 100,
		"day": "Feria III infra Hebdomadam VII post Octavam Pentecostes",
		"tags": []
	},
	{
		"difference": 101,
		"day": "Feria IV infra Hebdomadam VII post Octavam Pentecostes",
		"tags": []
	},
	{
		"difference": 102,
		"day": "Feria V infra Hebdomadam VII post Octavam Pentecostes",
		"tags": []
	},
	{
		"difference": 103,
		"day": "Feria VI infra Hebdomadam VII post Octavam Pentecostes",
		"tags": []
	},
	{
		"difference": 104,
		"day": "Sabbato infra Hebdomadam VII post Octavam Pentecostes",
		"tags": []
	},
	{
		"difference": 105,
		"day": "Dominica VIII post Pentecosten",
		"tags": ["semidouble","sunday","week-viii-pentecost"]
	},
	{
		"difference": 106,
		"day": "Feria II infra Hebdomadam VIII post Octavam Pentecostes",
		"tags": []
	},
	{
		"difference": 107,
		"day": "Feria III infra Hebdomadam VIII post Octavam Pentecostes",
		"tags": []
	},
	{
		"difference": 108,
		"day": "Feria IV infra Hebdomadam VIII post Octavam Pentecostes",
		"tags": []
	},
	{
		"difference": 109,
		"day": "Feria V infra Hebdomadam VIII post Octavam Pentecostes",
		"tags": []
	},
	{
		"difference": 110,
		"day": "Feria VI infra Hebdomadam VIII post Octavam Pentecostes",
		"tags": []
	},
	{
		"difference": 111,
		"day": "Sabbato infra Hebdomadam VIII post Octavam Pentecostes",
		"tags": []
	},
	{
		"difference": 112,
		"day": "Dominica IX post Pentecosten",
		"tags": ["semidouble","sunday","week-ix-pentecost"]
	},
	{
		"difference": 113,
		"day": "Feria II infra Hebdomadam IX post Octavam Pentecostes",
		"tags": ["ferial","monday","week-ix-pentecost"]
	},
	{
		"difference": 114,
		"day": "Feria III infra Hebdomadam IX post Octavam Pentecostes",
		"tags": ["ferial","tuesday","week-ix-pentecost"]
	},
	{
		"difference": 115,
		"day": "Feria IV infra Hebdomadam IX post Octavam Pentecostes",
		"tags": ["ferial","wednesday","week-ix-pentecost"]
	},
	{
		"difference": 116,
		"day": "Feria V infra Hebdomadam IX post Octavam Pentecostes",
		"tags": ["ferial","thursday","week-ix-pentecost"]
	},
	{
		"difference": 117,
		"day": "Feria VI infra Hebdomadam IX post Octavam Pentecostes",
		"tags": ["ferial","friday","week-ix-pentecost"]
	},
	{
		"difference": 118,
		"day": "Sabbato infra Hebdomadam IX post Octavam Pentecostes",
		"tags": ["ferial","saturday","week-ix-pentecost"]
	},
	{
		"difference": 119,
		"day": "Dominica X post Pentecosten",
		"tags": ["semidouble","sunday","week-x-pentecost"]
	},
	{
		"difference": 120,
		"day": "Feria II infra Hebdomadam X post Octavam Pentecostes",
		"tags": ["ferial","monday","week-x-pentecost"]
	},
	{
		"difference": 121,
		"day": "Feria III infra Hebdomadam X post Octavam Pentecostes",
		"tags": ["ferial","tuesday","week-x-pentecost"]
	},
	{
		"difference": 122,
		"day": "Feria IV infra Hebdomadam X post Octavam Pentecostes",
		"tags": ["ferial","wednesday","week-x-pentecost"]
	},
	{
		"difference": 123,
		"day": "Feria V infra Hebdomadam X post Octavam Pentecostes",
		"tags": ["ferial","thursday","week-x-pentecost"]
	},
	{
		"difference": 124,
		"day": "Feria VI infra Hebdomadam X post Octavam Pentecostes",
		"tags": ["ferial","friday","week-x-pentecost"]
	},
	{
		"difference": 125,
		"day": "Sabbato infra Hebdomadam X post Octavam Pentecostes",
		"tags": ["ferial","saturday","week-x-pentecost"]
	},
	{
		"difference": 126,
		"day": "Dominica XI post Pentecosten",
		"tags": ["semidouble","sunday","week-xi-pentecost"]
	},
	{
		"difference": 127,
		"day": "Feria II infra Hebdomadam XI post Octavam Pentecostes",
		"tags": ["ferial","monday","week-xi-pentecost"]
	},
	{
		"difference": 128,
		"day": "Feria III infra Hebdomadam XI post Octavam Pentecostes",
		"tags": ["ferial","tuesday","week-xi-pentecost"]
	},
	{
		"difference": 129,
		"day": "Feria IV infra Hebdomadam XI post Octavam Pentecostes",
		"tags": ["ferial","wednesday","week-xi-pentecost"]
	},
	{
		"difference": 130,
		"day": "Feria V infra Hebdomadam XI post Octavam Pentecostes",
		"tags": ["ferial","thursday","week-xi-pentecost"]
	},
	{
		"difference": 131,
		"day": "Feria VI infra Hebdomadam XI post Octavam Pentecostes",
		"tags": ["ferial","friday","week-xi-pentecost"]
	},
	{
		"difference": 132,
		"day": "Sabbato infra Hebdomadam XI post Octavam Pentecostes",
		"tags": ["ferial","saturday","week-xi-pentecost"]
	},
	{
		"difference": 133,
		"day": "Dominica XII post Pentecosten",
		"tags": ["semidouble","sunday","week-xii-pentecost"]
	},
	{
		"difference": 134,
		"day": "Feria II infra Hebdomadam XII post Octavam Pentecostes",
		"tags": ["ferial","monday","week-xii-pentecost"]
	},
	{
		"difference": 135,
		"day": "Feria III infra Hebdomadam XII post Octavam Pentecostes",
		"tags": ["ferial","tuesday","week-xii-pentecost"]
	},
	{
		"difference": 136,
		"day": "Feria IV infra Hebdomadam XII post Octavam Pentecostes",
		"tags": ["ferial","wednesday","week-xii-pentecost"]
	},
	{
		"difference": 137,
		"day": "Feria V infra Hebdomadam XII post Octavam Pentecostes",
		"tags": ["ferial","thursday","week-xii-pentecost"]
	},
	{
		"difference": 138,
		"day": "Feria VI infra Hebdomadam XII post Octavam Pentecostes",
		"tags": ["ferial","friday","week-xii-pentecost"]
	},
	{
		"difference": 139,
		"day": "Sabbato infra Hebdomadam XII post Octavam Pentecostes",
		"tags": ["ferial","saturday","week-xii-pentecost"]
	},
	{
		"difference": 140,
		"day": "Dominica XIII post Pentecosten",
		"tags": ["semidouble","sunday","week-xiii-pentecost"]
	},
	{
		"difference": 141,
		"day": "Feria II infra Hebdomadam XIII post Octavam Pentecostes",
		"tags": ["ferial","monday","week-xiii-pentecost"]
	},
	{
		"difference": 142,
		"day": "Feria III infra Hebdomadam XIII post Octavam Pentecostes",
		"tags": ["ferial","tuesday","week-xiii-pentecost"]
	},
	{
		"difference": 143,
		"day": "Feria IV infra Hebdomadam XIII post Octavam Pentecostes",
		"tags": ["ferial","wednesday","week-xiii-pentecost"]
	},
	{
		"difference": 144,
		"day": "Feria V infra Hebdomadam XIII post Octavam Pentecostes",
		"tags": ["ferial","thursday","week-xiii-pentecost"]
	},
	{
		"difference": 145,
		"day": "Feria VI infra Hebdomadam XIII post Octavam Pentecostes",
		"tags": ["ferial","friday","week-xiii-pentecost"]
	},
	{
		"difference": 146,
		"day": "Sabbato infra Hebdomadam XIII post Octavam Pentecostes",
		"tags": ["ferial","saturday","week-xiii-pentecost"]
	},
	{
		"difference": 147,
		"day": "Dominica XIV post Pentecosten",
		"tags": ["semidouble","sunday","week-xiv-pentecost"]
	},
	{
		"difference": 148,
		"day": "Feria II infra Hebdomadam XIV post Octavam Pentecostes",
		"tags": []
	},
	{
		"difference": 149,
		"day": "Feria III infra Hebdomadam XIV post Octavam Pentecostes",
		"tags": []
	},
	{
		"difference": 150,
		"day": "Feria IV infra Hebdomadam XIV post Octavam Pentecostes",
		"tags": []
	},
	{
		"difference": 151,
		"day": "Feria V infra Hebdomadam XIV post Octavam Pentecostes",
		"tags": []
	},
	{
		"difference": 152,
		"day": "Feria VI infra Hebdomadam XIV post Octavam Pentecostes",
		"tags": []
	},
	{
		"difference": 153,
		"day": "Sabbato infra Hebdomadam XIV post Octavam Pentecostes",
		"tags": []
	},
	{
		"difference": 154,
		"day": "Dominica XV post Pentecosten",
		"tags": ["semidouble","sunday","week-xv-pentecost"]
	},
	{
		"difference": 155,
		"day": "Feria II infra Hebdomadam XV post Octavam Pentecostes",
		"tags": []
	},
	{
		"difference": 156,
		"day": "Feria III infra Hebdomadam XV post Octavam Pentecostes",
		"tags": []
	},
	{
		"difference": 157,
		"day": "Feria IV infra Hebdomadam XV post Octavam Pentecostes",
		"tags": []
	},
	{
		"difference": 158,
		"day": "Feria V infra Hebdomadam XV post Octavam Pentecostes",
		"tags": []
	},
	{
		"difference": 159,
		"day": "Feria VI infra Hebdomadam XV post Octavam Pentecostes",
		"tags": []
	},
	{
		"difference": 160,
		"day": "Sabbato infra Hebdomadam XV post Octavam Pentecostes",
		"tags": []
	},
	{
		"difference": 161,
		"day": "Dominica XVI post Pentecosten",
		"tags": ["semidouble","sunday","week-xvi-pentecost"]
	},
	{
		"difference": 162,
		"day": "Feria II infra Hebdomadam XVI post Octavam Pentecostes",
		"tags": []
	},
	{
		"difference": 163,
		"day": "Feria III infra Hebdomadam XVI post Octavam Pentecostes",
		"tags": []
	},
	{
		"difference": 164,
		"day": "Feria IV infra Hebdomadam XVI post Octavam Pentecostes",
		"tags": []
	},
	{
		"difference": 165,
		"day": "Feria V infra Hebdomadam XVI post Octavam Pentecostes",
		"tags": []
	},
	{
		"difference": 166,
		"day": "Feria VI infra Hebdomadam XVI post Octavam Pentecostes",
		"tags": []
	},
	{
		"difference": 167,
		"day": "Sabbato infra Hebdomadam XVI post Octavam Pentecostes",
		"tags": []
	},
	{
		"difference": 168,
		"day": "Dominica XVII post Pentecosten",
		"tags": ["semidouble","sunday","week-xvii-pentecost"]
	},
	{
		"difference": 169,
		"day": "Feria II infra Hebdomadam XVII post Octavam Pentecostes",
		"tags": []
	},
	{
		"difference": 170,
		"day": "Feria III infra Hebdomadam XVII post Octavam Pentecostes",
		"tags": []
	},
	{
		"difference": 171,
		"day": "Feria IV infra Hebdomadam XVII post Octavam Pentecostes",
		"tags": []
	},
	{
		"difference": 172,
		"day": "Feria V infra Hebdomadam XVII post Octavam Pentecostes",
		"tags": []
	},
	{
		"difference": 173,
		"day": "Feria VI infra Hebdomadam XVII post Octavam Pentecostes",
		"tags": []
	},
	{
		"difference": 174,
		"day": "Sabbato infra Hebdomadam XVII post Octavam Pentecostes",
		"tags": []
	},
	{
		"difference": 175,
		"day": "Dominica XVIII post Pentecosten",
		"tags": ["semidouble","sunday","week-xviii-pentecost"]
	},
	{
		"difference": 176,
		"day": "Feria II infra Hebdomadam XVIII post Octavam Pentecostes",
		"tags": []
	},
	{
		"difference": 177,
		"day": "Feria III infra Hebdomadam XVIII post Octavam Pentecostes",
		"tags": []
	},
	{
		"difference": 178,
		"day": "Feria IV infra Hebdomadam XVIII post Octavam Pentecostes",
		"tags": []
	},
	{
		"difference": 179,
		"day": "Feria V infra Hebdomadam XVIII post Octavam Pentecostes",
		"tags": []
	},
	{
		"difference": 180,
		"day": "Feria VI infra Hebdomadam XVIII post Octavam Pentecostes",
		"tags": []
	},
	{
		"difference": 181,
		"day": "Sabbato infra Hebdomadam XVIII post Octavam Pentecostes",
		"tags": []
	},
	{
		"difference": 182,
		"day": "Dominica XIX post Pentecosten",
		"tags": ["semidouble","sunday","week-xix-pentecost"]
	},
	{
		"difference": 183,
		"day": "Feria II infra Hebdomadam XIX post Octavam Pentecostes",
		"tags": []
	},
	{
		"difference": 184,
		"day": "Feria III infra Hebdomadam XIX post Octavam Pentecostes",
		"tags": []
	},
	{
		"difference": 185,
		"day": "Feria IV infra Hebdomadam XIX post Octavam Pentecostes",
		"tags": []
	},
	{
		"difference": 186,
		"day": "Feria V infra Hebdomadam XIX post Octavam Pentecostes",
		"tags": []
	},
	{
		"difference": 187,
		"day": "Feria VI infra Hebdomadam XIX post Octavam Pentecostes",
		"tags": []
	},
	{
		"difference": 188,
		"day": "Sabbato infra Hebdomadam XIX post Octavam Pentecostes",
		"tags": []
	},
	{
		"difference": 189,
		"day": "Dominica XX post Pentecosten",
		"tags": ["semidouble","sunday","week-xx-pentecost"]
	},
	{
		"difference": 190,
		"day": "Feria II infra Hebdomadam XX post Octavam Pentecostes",
		"tags": []
	},
	{
		"difference": 191,
		"day": "Feria III infra Hebdomadam XX post Octavam Pentecostes",
		"tags": []
	},
	{
		"difference": 192,
		"day": "Feria IV infra Hebdomadam XX post Octavam Pentecostes",
		"tags": []
	},
	{
		"difference": 193,
		"day": "Feria V infra Hebdomadam XX post Octavam Pentecostes",
		"tags": []
	},
	{
		"difference": 194,
		"day": "Feria VI infra Hebdomadam XX post Octavam Pentecostes",
		"tags": []
	},
	{
		"difference": 195,
		"day": "Sabbato infra Hebdomadam XX post Octavam Pentecostes",
		"tags": []
	},
	{
		"difference": 196,
		"day": "Dominica XXI post Pentecosten",
		"tags": ["semidouble","sunday","week-xxi-pentecost"]
	},
	{
		"difference": 197,
		"day": "Feria II infra Hebdomadam XXI post Octavam Pentecostes",
		"tags": []
	},
	{
		"difference": 198,
		"day": "Feria III infra Hebdomadam XXI post Octavam Pentecostes",
		"tags": []
	},
	{
		"difference": 199,
		"day": "Feria IV infra Hebdomadam XXI post Octavam Pentecostes",
		"tags": []
	},
	{
		"difference": 200,
		"day": "Feria V infra Hebdomadam XXI post Octavam Pentecostes",
		"tags": []
	},
	{
		"difference": 201,
		"day": "Feria VI infra Hebdomadam XXI post Octavam Pentecostes",
		"tags": []
	},
	{
		"difference": 202,
		"day": "Sabbato infra Hebdomadam XXI post Octavam Pentecostes",
		"tags": []
	},
	{
		"difference": 203,
		"day": "Dominica XXII post Pentecosten",
		"tags": ["semidouble","sunday","week-xxii-pentecost"]
	},
	{
		"difference": 204,
		"day": "Feria II infra Hebdomadam XXII post Octavam Pentecostes",
		"tags": []
	},
	{
		"difference": 205,
		"day": "Feria III infra Hebdomadam XXII post Octavam Pentecostes",
		"tags": []
	},
	{
		"difference": 206,
		"day": "Feria IV infra Hebdomadam XXII post Octavam Pentecostes",
		"tags": []
	},
	{
		"difference": 207,
		"day": "Feria V infra Hebdomadam XXII post Octavam Pentecostes",
		"tags": []
	},
	{
		"difference": 208,
		"day": "Feria VI infra Hebdomadam XXII post Octavam Pentecostes",
		"tags": []
	},
	{
		"difference": 209,
		"day": "Sabbato infra Hebdomadam XXII post Octavam Pentecostes",
		"tags": []
	},
	{
		"difference": 210,
		"day": "Dominica XXIII post Pentecosten",
		"tags": ["semidouble","sunday","week-xxiii-pentecost"]
	},
	{
		"difference": 211,
		"day": "Feria II infra Hebdomadam XXIII post Octavam Pentecostes",
		"tags": []
	},
	{
		"difference": 212,
		"day": "Feria III infra Hebdomadam XXIII post Octavam Pentecostes",
		"tags": []
	},
	{
		"difference": 213,
		"day": "Feria IV infra Hebdomadam XXIII post Octavam Pentecostes",
		"tags": []
	},
	{
		"difference": 214,
		"day": "Feria V infra Hebdomadam XXIII post Octavam Pentecostes",
		"tags": []
	},
	{
		"difference": 215,
		"day": "Feria VI infra Hebdomadam XXIII post Octavam Pentecostes",
		"tags": []
	},
	{
		"difference": 216,
		"day": "Sabbato infra Hebdomadam XXIII post Octavam Pentecostes",
		"tags": []
	}
]