{
	"august":[
		[
			{
				"day":"Dominica I Augusti",
				"tags":["sunday","semidouble","week-i-august"]
			},
			{
				"day":"Feria II infra Hebdomadam I Augusti",
				"tags":["monday","ferial","week-i-august"]
			},
			{
				"day":"Feria III infra Hebdomadam I Augusti",
				"tags":["tuesday","ferial","week-i-august"]
			},
			{
				"day":"Feria IV infra Hebdomadam I Augusti",
				"tags":["wednesday","ferial","week-i-august"]
			},
			{
				"day":"Feria V infra Hebdomadam I Augusti",
				"tags":["thursday","ferial","week-i-august"]
			},
			{
				"day":"Feria VI infra Hebdomadam I Augusti",
				"tags":["friday","ferial","week-i-august"]
			},
			{
				"day":"Sabbato infra Hebdomadam I Augusti",
				"tags":["saturday","ferial","week-i-august"]
			}
		],
		[
			{
				"day":"Dominica II Augusti",
				"tags":["sunday","semidouble","week-ii-august"]
			},
			{
				"day":"Feria II infra Hebdomadam II Augusti",
				"tags":["monday","ferial","week-ii-august"]
			},
			{
				"day":"Feria III infra Hebdomadam II Augusti",
				"tags":["tuesday","ferial","week-ii-august"]
			},
			{
				"day":"Feria IV infra Hebdomadam II Augusti",
				"tags":["wednesday","ferial","week-ii-august"]
			},
			{
				"day":"Feria V infra Hebdomadam II Augusti",
				"tags":["thursday","ferial","week-ii-august"]
			},
			{
				"day":"Feria VI infra Hebdomadam II Augusti",
				"tags":["friday","ferial","week-ii-august"]
			},
			{
				"day":"Sabbato infra Hebdomadam II Augusti",
				"tags":["saturday","ferial","week-ii-august"]
			}
		],
		[
			{
				"day":"Dominica III Augusti",
				"tags":["sunday","semidouble","week-iii-august"]
			},
			{
				"day":"Feria II infra Hebdomadam III Augusti",
				"tags":["monday","ferial","week-iii-august"]
			},
			{
				"day":"Feria III infra Hebdomadam III Augusti",
				"tags":["tuesday","ferial","week-iii-august"]
			},
			{
				"day":"Feria IV infra Hebdomadam III Augusti",
				"tags":["wednesday","ferial","week-iii-august"]
			},
			{
				"day":"Feria V infra Hebdomadam III Augusti",
				"tags":["thursday","ferial","week-iii-august"]
			},
			{
				"day":"Feria VI infra Hebdomadam III Augusti",
				"tags":["friday","ferial","week-iii-august"]
			},
			{
				"day":"Sabbato infra Hebdomadam III Augusti",
				"tags":["saturday","ferial","week-iii-august"]
			}
		],
		[
			{
				"day":"Dominica IV Augusti",
				"tags":["sunday","semidouble","week-iv-august"]
			},
			{
				"day":"Feria II infra Hebdomadam IV Augusti",
				"tags":["monday","ferial","week-iv-august"]
			},
			{
				"day":"Feria III infra Hebdomadam IV Augusti",
				"tags":["tuesday","ferial","week-iv-august"]
			},
			{
				"day":"Feria IV infra Hebdomadam IV Augusti",
				"tags":["wednesday","ferial","week-iv-august"]
			},
			{
				"day":"Feria V infra Hebdomadam IV Augusti",
				"tags":["thursday","ferial","week-iv-august"]
			},
			{
				"day":"Feria VI infra Hebdomadam IV Augusti",
				"tags":["friday","ferial","week-iv-august"]
			},
			{
				"day":"Sabbato infra Hebdomadam IV Augusti",
				"tags":["saturday","ferial","week-iv-august"]
			}
		],
		[
			{
				"day":"Dominica V Augusti",
				"tags":["sunday","semidouble","week-v-august"]
			},
			{
				"day":"Feria II infra Hebdomadam V Augusti",
				"tags":["monday","ferial","week-v-august"]
			},
			{
				"day":"Feria III infra Hebdomadam V Augusti",
				"tags":["tuesday","ferial","week-v-august"]
			},
			{
				"day":"Feria IV infra Hebdomadam V Augusti",
				"tags":["wednesday","ferial","week-v-august"]
			},
			{
				"day":"Feria V infra Hebdomadam V Augusti",
				"tags":["thursday","ferial","week-v-august"]
			},
			{
				"day":"Feria VI infra Hebdomadam V Augusti",
				"tags":["friday","ferial","week-v-august"]
			},
			{
				"day":"Sabbato infra Hebdomadam V Augusti",
				"tags":["saturday","ferial","week-v-august"]
			}
		]
	],
	"september":[
		[
			{
				"day":"Dominica I Septembris",
				"tags":["sunday","semidouble","week-i-september"]
			},
			{
				"day":"Feria II infra Hebdomadam I Septembris",
				"tags":["monday","ferial","week-i-september"]
			},
			{
				"day":"Feria III infra Hebdomadam I Septembris",
				"tags":["tuesday","ferial","week-i-september"]
			},
			{
				"day":"Feria IV infra Hebdomadam I Septembris",
				"tags":["wednesday","ferial","week-i-september"]
			},
			{
				"day":"Feria V infra Hebdomadam I Septembris",
				"tags":["thursday","ferial","week-i-september"]
			},
			{
				"day":"Feria VI infra Hebdomadam I Septembris",
				"tags":["friday","ferial","week-i-september"]
			},
			{
				"day":"Sabbato infra Hebdomadam I Septembris",
				"tags":["saturday","ferial","week-i-september"]
			}
		],
		[
			{
				"day":"Dominica II Septembris",
				"tags":["sunday","semidouble","week-ii-september"]
			},
			{
				"day":"Feria II infra Hebdomadam II Septembris",
				"tags":["monday","ferial","week-ii-september"]
			},
			{
				"day":"Feria III infra Hebdomadam II Septembris",
				"tags":["tuesday","ferial","week-ii-september"]
			},
			{
				"day":"Feria IV infra Hebdomadam II Septembris",
				"tags":["wednesday","ferial","week-ii-september"]
			},
			{
				"day":"Feria V infra Hebdomadam II Septembris",
				"tags":["thursday","ferial","week-ii-september"]
			},
			{
				"day":"Feria VI infra Hebdomadam II Septembris",
				"tags":["friday","ferial","week-ii-september"]
			},
			{
				"day":"Sabbato infra Hebdomadam II Septembris",
				"tags":["saturday","ferial","week-ii-september"]
			}
		],
		[
			{
				"day":"Dominica III Septembris",
				"tags":["sunday","semidouble","week-iii-september"]
			},
			{
				"day":"Feria II infra Hebdomadam III Septembris",
				"tags":["monday","ferial","week-iii-september"]
			},
			{
				"day":"Feria III infra Hebdomadam III Septembris",
				"tags":["tuesday","ferial","week-iii-september"]
			},
			{
				"day":"Feria IV infra Hebdomadam III Septembris",
				"tags":["wednesday","ferial","week-iii-september"]
			},
			{
				"day":"Feria V infra Hebdomadam III Septembris",
				"tags":["thursday","ferial","week-iii-september"]
			},
			{
				"day":"Feria VI infra Hebdomadam III Septembris",
				"tags":["friday","ferial","week-iii-september"]
			},
			{
				"day":"Sabbato infra Hebdomadam III Septembris",
				"tags":["saturday","ferial","week-iii-september"]
			}
		],
		[
			{
				"day":"Dominica IV Septembris",
				"tags":["sunday","semidouble","week-iv-september"]
			},
			{
				"day":"Feria II infra Hebdomadam IV Septembris",
				"tags":["monday","ferial","week-iv-september"]
			},
			{
				"day":"Feria III infra Hebdomadam IV Septembris",
				"tags":["tuesday","ferial","week-iv-september"]
			},
			{
				"day":"Feria IV infra Hebdomadam IV Septembris",
				"tags":["wednesday","ferial","week-iv-september"]
			},
			{
				"day":"Feria V infra Hebdomadam IV Septembris",
				"tags":["thursday","ferial","week-iv-september"]
			},
			{
				"day":"Feria VI infra Hebdomadam IV Septembris",
				"tags":["friday","ferial","week-iv-september"]
			},
			{
				"day":"Sabbato infra Hebdomadam IV Septembris",
				"tags":["saturday","ferial","week-iv-september"]
			}
		],
		[
			{
				"day":"Dominica V Septembris",
				"tags":["sunday","semidouble","week-v-september"]
			},
			{
				"day":"Feria II infra Hebdomadam V Septembris",
				"tags":["monday","ferial","week-v-september"]
			},
			{
				"day":"Feria III infra Hebdomadam V Septembris",
				"tags":["tuesday","ferial","week-v-september"]
			},
			{
				"day":"Feria IV infra Hebdomadam V Septembris",
				"tags":["wednesday","ferial","week-v-september"]
			},
			{
				"day":"Feria V infra Hebdomadam V Septembris",
				"tags":["thursday","ferial","week-v-september"]
			},
			{
				"day":"Feria VI infra Hebdomadam V Septembris",
				"tags":["friday","ferial","week-v-september"]
			},
			{
				"day":"Sabbato infra Hebdomadam V Septembris",
				"tags":["saturday","ferial","week-v-september"]
			}
		]
	],
	"october":[
		[
			{
				"day":"Dominica I Octobris",
				"tags":["sunday","semidouble","week-i-october"]
			},
			{
				"day":"Feria II infra Hebdomadam I Octobris",
				"tags":["monday","ferial","week-i-october"]
			},
			{
				"day":"Feria III infra Hebdomadam I Octobris",
				"tags":["tuesday","ferial","week-i-october"]
			},
			{
				"day":"Feria IV infra Hebdomadam I Octobris",
				"tags":["wednesday","ferial","week-i-october"]
			},
			{
				"day":"Feria V infra Hebdomadam I Octobris",
				"tags":["thursday","ferial","week-i-october"]
			},
			{
				"day":"Feria VI infra Hebdomadam I Octobris",
				"tags":["friday","ferial","week-i-october"]
			},
			{
				"day":"Sabbato infra Hebdomadam I Octobris",
				"tags":["saturday","ferial","week-i-october"]
			}
		],
		[
			{
				"day":"Dominica II Octobris",
				"tags":["sunday","semidouble","week-ii-october"]
			},
			{
				"day":"Feria II infra Hebdomadam II Octobris",
				"tags":["monday","ferial","week-ii-october"]
			},
			{
				"day":"Feria III infra Hebdomadam II Octobris",
				"tags":["tuesday","ferial","week-ii-october"]
			},
			{
				"day":"Feria IV infra Hebdomadam II Octobris",
				"tags":["wednesday","ferial","week-ii-october"]
			},
			{
				"day":"Feria V infra Hebdomadam II Octobris",
				"tags":["thursday","ferial","week-ii-october"]
			},
			{
				"day":"Feria VI infra Hebdomadam II Octobris",
				"tags":["friday","ferial","week-ii-october"]
			},
			{
				"day":"Sabbato infra Hebdomadam II Octobris",
				"tags":["saturday","ferial","week-ii-october"]
			}
		],
		[
			{
				"day":"Dominica III Octobris",
				"tags":["sunday","semidouble","week-iii-october"]
			},
			{
				"day":"Feria II infra Hebdomadam III Octobris",
				"tags":["monday","ferial","week-iii-october"]
			},
			{
				"day":"Feria III infra Hebdomadam III Octobris",
				"tags":["tuesday","ferial","week-iii-october"]
			},
			{
				"day":"Feria IV infra Hebdomadam III Octobris",
				"tags":["wednesday","ferial","week-iii-october"]
			},
			{
				"day":"Feria V infra Hebdomadam III Octobris",
				"tags":["thursday","ferial","week-iii-october"]
			},
			{
				"day":"Feria VI infra Hebdomadam III Octobris",
				"tags":["friday","ferial","week-iii-october"]
			},
			{
				"day":"Sabbato infra Hebdomadam III Octobris",
				"tags":["saturday","ferial","week-iii-october"]
			}
		],
		[
			{
				"day":"Dominica IV Octobris",
				"tags":["sunday","semidouble","week-iv-october"]
			},
			{
				"day":"Feria II infra Hebdomadam IV Octobris",
				"tags":["monday","ferial","week-iv-october"]
			},
			{
				"day":"Feria III infra Hebdomadam IV Octobris",
				"tags":["tuesday","ferial","week-iv-october"]
			},
			{
				"day":"Feria IV infra Hebdomadam IV Octobris",
				"tags":["wednesday","ferial","week-iv-october"]
			},
			{
				"day":"Feria V infra Hebdomadam IV Octobris",
				"tags":["thursday","ferial","week-iv-october"]
			},
			{
				"day":"Feria VI infra Hebdomadam IV Octobris",
				"tags":["friday","ferial","week-iv-october"]
			},
			{
				"day":"Sabbato infra Hebdomadam IV Octobris",
				"tags":["saturday","ferial","week-iv-october"]
			}
		],
		[
			{
				"day":"Dominica V Octobris",
				"tags":["sunday","semidouble","week-v-october"]
			},
			{
				"day":"Feria II infra Hebdomadam V Octobris",
				"tags":["monday","ferial","week-v-october"]
			},
			{
				"day":"Feria III infra Hebdomadam V Octobris",
				"tags":["tuesday","ferial","week-v-october"]
			},
			{
				"day":"Feria IV infra Hebdomadam V Octobris",
				"tags":["wednesday","ferial","week-v-october"]
			},
			{
				"day":"Feria V infra Hebdomadam V Octobris",
				"tags":["thursday","ferial","week-v-october"]
			},
			{
				"day":"Feria VI infra Hebdomadam V Octobris",
				"tags":["friday","ferial","week-v-october"]
			},
			{
				"day":"Sabbato infra Hebdomadam V Octobris",
				"tags":["saturday","ferial","week-v-october"]
			}
		]
	],
	"november":[
		[
			{
				"day":"Dominica I Novembris",
				"tags":["sunday","semidouble","week-i-november"]
			},
			{
				"day":"Feria II infra Hebdomadam I Novembris",
				"tags":["monday","ferial","week-i-november"]
			},
			{
				"day":"Feria III infra Hebdomadam I Novembris",
				"tags":["tuesday","ferial","week-i-november"]
			},
			{
				"day":"Feria IV infra Hebdomadam I Novembris",
				"tags":["wednesday","ferial","week-i-november"]
			},
			{
				"day":"Feria V infra Hebdomadam I Novembris",
				"tags":["thursday","ferial","week-i-november"]
			},
			{
				"day":"Feria VI infra Hebdomadam I Novembris",
				"tags":["friday","ferial","week-i-november"]
			},
			{
				"day":"Sabbato infra Hebdomadam I Novembris",
				"tags":["saturday","ferial","week-i-november"]
			}
		],
		[
			{
				"day":"Dominica II Novembris",
				"tags":["sunday","semidouble","week-ii-november"]
			},
			{
				"day":"Feria II infra Hebdomadam II Novembris",
				"tags":["monday","ferial","week-ii-november"]
			},
			{
				"day":"Feria III infra Hebdomadam II Novembris",
				"tags":["tuesday","ferial","week-ii-november"]
			},
			{
				"day":"Feria IV infra Hebdomadam II Novembris",
				"tags":["wednesday","ferial","week-ii-november"]
			},
			{
				"day":"Feria V infra Hebdomadam II Novembris",
				"tags":["thursday","ferial","week-ii-november"]
			},
			{
				"day":"Feria VI infra Hebdomadam II Novembris",
				"tags":["friday","ferial","week-ii-november"]
			},
			{
				"day":"Sabbato infra Hebdomadam II Novembris",
				"tags":["saturday","ferial","week-ii-november"]
			}
		],
		[
			{
				"day":"Dominica III Novembris",
				"tags":["sunday","semidouble","week-iii-november"]
			},
			{
				"day":"Feria II infra Hebdomadam III Novembris",
				"tags":["monday","ferial","week-iii-november"]
			},
			{
				"day":"Feria III infra Hebdomadam III Novembris",
				"tags":["tuesday","ferial","week-iii-november"]
			},
			{
				"day":"Feria IV infra Hebdomadam III Novembris",
				"tags":["wednesday","ferial","week-iii-november"]
			},
			{
				"day":"Feria V infra Hebdomadam III Novembris",
				"tags":["thursday","ferial","week-iii-november"]
			},
			{
				"day":"Feria VI infra Hebdomadam III Novembris",
				"tags":["friday","ferial","week-iii-november"]
			},
			{
				"day":"Sabbato infra Hebdomadam III Novembris",
				"tags":["saturday","ferial","week-iii-november"]
			}
		],
		[
			{
				"day":"Dominica IV Novembris",
				"tags":["sunday","semidouble","week-iv-november"]
			},
			{
				"day":"Feria II infra Hebdomadam IV Novembris",
				"tags":["monday","ferial","week-iv-november"]
			},
			{
				"day":"Feria III infra Hebdomadam IV Novembris",
				"tags":["tuesday","ferial","week-iv-november"]
			},
			{
				"day":"Feria IV infra Hebdomadam IV Novembris",
				"tags":["wednesday","ferial","week-iv-november"]
			},
			{
				"day":"Feria V infra Hebdomadam IV Novembris",
				"tags":["thursday","ferial","week-iv-november"]
			},
			{
				"day":"Feria VI infra Hebdomadam IV Novembris",
				"tags":["friday","ferial","week-iv-november"]
			},
			{
				"day":"Sabbato infra Hebdomadam IV Novembris",
				"tags":["saturday","ferial","week-iv-november"]
			}
		],
		[
			{
				"day":"Dominica V Novembris",
				"tags":["sunday","semidouble","week-v-november"]
			},
			{
				"day":"Feria II infra Hebdomadam V Novembris",
				"tags":["monday","ferial","week-v-november"]
			},
			{
				"day":"Feria III infra Hebdomadam V Novembris",
				"tags":["tuesday","ferial","week-v-november"]
			},
			{
				"day":"Feria IV infra Hebdomadam V Novembris",
				"tags":["wednesday","ferial","week-v-november"]
			},
			{
				"day":"Feria V infra Hebdomadam V Novembris",
				"tags":["thursday","ferial","week-v-november"]
			},
			{
				"day":"Feria VI infra Hebdomadam V Novembris",
				"tags":["friday","ferial","week-v-november"]
			},
			{
				"day":"Sabbato infra Hebdomadam V Novembris",
				"tags":["saturday","ferial","week-v-november"]
			}
		]
	]
}
